cp,ko,en,fr,es
ğŸ»,í•˜ì–€ í”¼ë¶€,light skin tone,peau claire,tono de piel claro
ğŸ¼,ì—°í•œ ê°ˆìƒ‰ í”¼ë¶€,medium-light skin tone,peau moyennement claire,tono de piel claro medio
ğŸ½,ê°ˆìƒ‰ í”¼ë¶€,medium skin tone,peau lÃ©gÃ¨rement mate,tono de piel medio
ğŸ¾,ì§„í•œ ê°ˆìƒ‰ í”¼ë¶€,medium-dark skin tone,peau mate,tono de piel oscuro medio
ğŸ¿,ê²€ì€ìƒ‰ í”¼ë¶€,dark skin tone,peau foncÃ©e,tono de piel oscuro
âš§,íŠ¸ëœìŠ¤ì  ë” ê¸°í˜¸,transgender symbol,symbole de la communautÃ© transgenre,sÃ­mbolo de transgÃ©nero
ğŸ¤Œ,ê¼¬ì§‘ëŠ” ì†ê°€ë½,pinched fingers,bout des doigts joints,dedos juntos apuntando hacia arriba
ğŸ¥²,ëˆˆë¬¼ í˜ë¦¬ë©° ì›ƒëŠ” ì–¼êµ´,smiling face with tear,Visage souriant avec une larme,cara sonriente con lÃ¡grima
ğŸ¥·,ë‹Œì,ninja,ninja,ninja
ğŸ¥¸,ë³€ì¥í•œ ì–¼êµ´,disguised face,visage dÃ©guisÃ©,cara disfrazada
ğŸ¦£,ë§¤ë¨¸ë“œ,mammoth,mammouth,mamut
ğŸ¦¤,ë„ë„ìƒˆ,dodo,dodo,dodo
ğŸ¦«,ë¹„ë²„,beaver,castor,castor
ğŸ¦¬,ë“¤ì†Œ,bison,bison,bisonte
ğŸ¦­,ë¬¼ê°œ,seal,phoque,foca
ğŸ§‹,ë²„ë¸”í‹°,bubble tea,thÃ© aux perles,tÃ© de burbujas
ğŸ©´,ê°€ë½ì‹ ,thong sandal,tong,chancla
ğŸªƒ,ë¶€ë©”ë‘,boomerang,boomerang,bumerÃ¡n
ğŸª„,ë§ˆìˆ  ì§€íŒ¡ì´,magic wand,baguette magique,varita mÃ¡gica
ğŸª…,í”¼ëƒíƒ€,piÃ±ata,piÃ±ata,piÃ±ata
ğŸª†,ë„¤ìŠ¤íŒ… ì¸í˜•,nesting dolls,poupÃ©es russes,muÃ±eca rusa
ğŸª–,êµ°ìš© í—¬ë©§,military helmet,casque militaire,casco militar
ğŸª—,ì•„ì½”ë””ì–¸,accordion,accordÃ©on,acordeÃ³n
ğŸª˜,ê¸´ ë¶,long drum,djembÃ©,tamboril
ğŸª™,ë™ì „,coin,piÃ¨ce,moneda
ğŸªš,ëª©ê³µ í†±,carpentry saw,scie,sierra de carpinterÃ­a
ğŸª›,ë“œë¼ì´ë²„,screwdriver,tournevis,destornillador
ğŸªœ,ì‚¬ë‹¤ë¦¬,ladder,Ã©chelle,escalera
ğŸª,ê°ˆê³ ë¦¬,hook,crochet,gancho
ğŸª,ê±°ìš¸,mirror,miroir,espejo
ğŸªŸ,ì°½ë¬¸,window,fenÃªtre,ventana
ğŸª ,ëš«ì–´ë»¥,plunger,ventouse,desatascador
ğŸª¡,ë°”ëŠ˜,sewing needle,aiguille Ã  coudre,aguja de coser
ğŸª¢,ë§¤ë“­,knot,nÅ“ud,nudo
ğŸª£,ì–‘ë™ì´,bucket,seau,cubo
ğŸª¤,ì¥ë«,mouse trap,tapette Ã  souris,trampa de ratones
ğŸª¥,ì¹«ì†”,toothbrush,brosse Ã  dents,cepillo de dientes
ğŸª¦,ë¬˜ë¹„,headstone,pierre tombale,lÃ¡pida
ğŸª§,í”Œë˜ì¹´ë“œ,placard,pancarte,letrero
ğŸª¨,ë°”ìœ„,rock,rocher,piedra
ğŸª°,íŒŒë¦¬,fly,mouche,mosca
ğŸª±,ì§€ë ì´,worm,lombric,gusano
ğŸª²,ë”±ì •ë²Œë ˆ,beetle,scarabÃ©e,escarabajo
ğŸª³,ë°”í€´ë²Œë ˆ,cockroach,cafard,cucaracha
ğŸª´,ë¶„ì¬,potted plant,plante en pot,planta de maceta
ğŸªµ,ëª©ì¬,wood,bois,madera
ğŸª¶,ê¹ƒí„¸,feather,plume,pluma
ğŸ«€,ì‹¬ì¥,anatomical heart,cÅ“ur,corazÃ³n humano
ğŸ«,í,lungs,poumons,pulmones
ğŸ«‚,í¬ì˜¹í•˜ëŠ” ì‚¬ëŒ,people hugging,Ã©treinte,personas abrazÃ¡ndose
ğŸ«,ë¸”ë£¨ë² ë¦¬,blueberries,myrtilles,arÃ¡ndanos
ğŸ«‘,í”¼ë§,bell pepper,poivron,pimiento
ğŸ«’,ì˜¬ë¦¬ë¸Œ,olive,olive,aceituna
ğŸ«“,í”Œë«ë¸Œë ˆë“œ,flatbread,galette,pan sin levadura
ğŸ«”,íƒ€ë§ë ˆ,tamale,tamal,tamal
ğŸ«•,íë“€,fondue,fondue,fondue
ğŸ«–,ì°»ì£¼ì „ì,teapot,thÃ©iÃ¨re,tetera
ğŸ›–,ì˜¤ë‘ë§‰,hut,hutte,cabaÃ±a
ğŸ›—,ì—˜ë¦¬ë² ì´í„°,elevator,ascenseur,ascensor
ğŸ›»,í”½ì—…íŠ¸ëŸ­,pickup truck,pick-up,camioneta
ğŸ›¼,ë¡¤ëŸ¬ìŠ¤ì¼€ì´íŠ¸,roller skate,patin Ã  roulettes,patines
ğŸ˜€,í™œì§ ì›ƒëŠ” ì–¼êµ´,grinning face,visage rieur,cara sonriendo
ğŸ˜ƒ,ëˆˆì„ í¬ê²Œ ëœ¨ê³  ì›ƒëŠ” ì–¼êµ´,grinning face with big eyes,visage souriant avec de grands yeux,cara sonriendo con ojos grandes
ğŸ˜„,ë¯¸ì†Œ ì§“ëŠ” ëˆˆìœ¼ë¡œ í™œì§ ì›ƒëŠ” ì–¼êµ´,grinning face with smiling eyes,visage trÃ¨s souriant aux yeux rieurs,cara sonriendo con ojos sonrientes
ğŸ˜,ë¯¸ì†Œ ì§“ëŠ” ëˆˆìœ¼ë¡œ ì›ƒëŠ” ì–¼êµ´,beaming face with smiling eyes,visage souriant aux yeux rieurs,cara radiante con ojos sonrientes
ğŸ˜†,ëˆˆì›ƒìŒì§“ëŠ” ì–¼êµ´,grinning squinting face,visage souriant avec yeux plissÃ©s,cara sonriendo con los ojos cerrados
ğŸ˜…,ë•€ í˜ë¦¬ë©° ì›ƒëŠ” ì–¼êµ´,grinning face with sweat,visage souriant avec une goutte de sueur,cara sonriendo con sudor frÃ­o
ğŸ¤£,ë°”ë‹¥ì„ êµ¬ë¥´ë©° ì›ƒëŠ” ì–¼êµ´,rolling on the floor laughing,se rouler par terre de rire,cara revolviÃ©ndose de la risa
ğŸ˜‚,ê¸°ì¨ì˜ ëˆˆë¬¼ì„ í˜ë¦¬ëŠ” ì–¼êµ´,face with tears of joy,visage riant aux larmes,cara llorando de risa
ğŸ™‚,ì‚´ì§ ë¯¸ì†Œ ì§“ëŠ” ì–¼êµ´,slightly smiling face,visage avec un lÃ©ger sourire,cara sonriendo ligeramente
ğŸ™ƒ,ê±°ê¾¸ë¡œ ëœ ì–¼êµ´,upside-down face,tÃªte Ã  lâ€™envers,cara al revÃ©s
ğŸ˜‰,ìœ™í¬í•˜ëŠ” ì–¼êµ´,winking face,visage faisant un clin dâ€™Å“il,cara guiÃ±ando el ojo
ğŸ˜Š,ë¯¸ì†Œ ì§“ëŠ” ëˆˆìœ¼ë¡œ ì‚´ì§ ì›ƒëŠ” ì–¼êµ´,smiling face with smiling eyes,visage souriant avec yeux rieurs,cara feliz con ojos sonrientes
ğŸ˜‡,í›„ê´‘ì´ ë¹„ì¹˜ëŠ” ì›ƒëŠ” ì–¼êµ´,smiling face with halo,visage souriant avec aurÃ©ole,cara sonriendo con aureola
ğŸ¥°,í•˜íŠ¸ì™€ í•¨ê»˜ ì›ƒëŠ” ì–¼êµ´,smiling face with hearts,visage souriant avec cÅ“urs,cara sonriendo con corazones
ğŸ˜,í•˜íŠ¸ ëˆˆ ì–¼êµ´,smiling face with heart-eyes,visage souriant avec yeux en forme de cÅ“ur,cara sonriendo con ojos de corazÃ³n
ğŸ¤©,ë°˜í•œ ì–¼êµ´,star-struck,visage avec des Ã©toiles Ã  la place des yeux,cara sonriendo con estrellas
ğŸ˜˜,í‚¤ìŠ¤ë¥¼ ë³´ë‚´ëŠ” ì–¼êµ´,face blowing a kiss,visage envoyant un bisou,cara lanzando un beso
ğŸ˜—,í‚¤ìŠ¤í•˜ëŠ” ì–¼êµ´,kissing face,visage faisant un bisou,cara besando
â˜º,ì›ƒëŠ” ì–¼êµ´,smiling face,visage souriant,cara sonriente
ğŸ˜š,ëˆˆì„ ê°ì€ ì±„ë¡œ í‚¤ìŠ¤í•˜ëŠ” ì–¼êµ´,kissing face with closed eyes,visage faisant un bisou avec les yeux fermÃ©s,cara besando con los ojos cerrados
ğŸ˜™,ë¯¸ì†Œ ì§“ëŠ” ëˆˆìœ¼ë¡œ í‚¤ìŠ¤í•˜ëŠ” ì–¼êµ´,kissing face with smiling eyes,visage aux yeux rieurs faisant un bisou,cara besando con ojos sonrientes
ğŸ˜‹,ë§›ìˆëŠ” ìŒì‹ì„ ìŒë¯¸í•˜ëŠ” ì–¼êµ´,face savoring food,miam,cara saboreando comida
ğŸ˜›,í˜€ë¥¼ ë‚´ë¯¼ ì–¼êµ´,face with tongue,visage qui tire la langue,cara sacando la lengua
ğŸ˜œ,ìœ™í¬í•˜ë©´ì„œ í˜€ë¥¼ ë‚´ë¯¼ ì–¼êµ´,winking face with tongue,visage qui tire la langue et fait un clin dâ€™Å“il,cara sacando la lengua y guiÃ±ando un ojo
ğŸ¤ª,ê´´ì§œ ì–¼êµ´,zany face,tÃªte de fou,cara de loco
ğŸ˜,ëˆˆì„ ê°ê³  ë©”ë¡±í•˜ëŠ” ì–¼êµ´,squinting face with tongue,visage qui tire la langue les yeux plissÃ©s,cara con ojos cerrados y lengua fuera
ğŸ¤‘,ëˆ ëª¨ì–‘ì˜ ì…ì´ ìˆëŠ” ì–¼êµ´,money-mouth face,argent dans les yeux et la bouche,cara con lengua de dinero
ğŸ¤—,í¬ì˜¹í•˜ê³  ìˆëŠ” ì–¼êµ´,hugging face,visage qui fait un cÃ¢lin,cara con manos abrazando
ğŸ¤­,ì†ìœ¼ë¡œ ì…ì„ ê°€ë¦° ì–¼êµ´,face with hand over mouth,visage avec une main sur la bouche,cara con mano sobre la boca
ğŸ¤«,ì‰¿ í•˜ëŠ” ì–¼êµ´,shushing face,visage avec un doigt sur la bouche,cara pidiendo silencio
ğŸ¤”,ìƒê°í•˜ëŠ” ì–¼êµ´,thinking face,visage en pleine rÃ©flexion,cara pensativa
ğŸ¤,ì§€í¼ë¡œ ì…ì„ ì ê·¼ ì–¼êµ´,zipper-mouth face,visage avec bouche fermeture Ã©clair,cara con la boca cerrada con cremallera
ğŸ¤¨,ëˆˆì¹ì„ ì¹˜ì¼œì˜¬ë¦° ì–¼êµ´,face with raised eyebrow,visage avec les sourcils relevÃ©s,cara con ceja alzada
ğŸ˜,ë¤ë¤í•œ ì–¼êµ´,neutral face,visage neutre,cara neutral
ğŸ˜‘,ë¬´í‘œì •í•œ ì–¼êµ´,expressionless face,visage sans expression,cara sin expresiÃ³n
ğŸ˜¶,ì…ì´ ì—†ëŠ” ì–¼êµ´,face without mouth,visage sans bouche,cara sin boca
ğŸ˜,íˆì£½ê±°ë¦¬ëŠ” ì–¼êµ´,smirking face,visage avec un sourire malin,cara sonriendo con superioridad
ğŸ˜’,ì§€ë£¨í•´í•˜ëŠ” ì–¼êµ´,unamused face,visage blasÃ©,cara de desaprobaciÃ³n
ğŸ™„,ëˆˆì„ êµ´ë¦¬ê³  ìˆëŠ” ì–¼êµ´,face with rolling eyes,visage roulant des yeux,cara con ojos en blanco
ğŸ˜¬,ì°Œí‘¸ë¦° ì–¼êµ´,grimacing face,visage grimaÃ§ant,cara haciendo una mueca
ğŸ¤¥,ê±°ì§“ë§í•˜ëŠ” ì–¼êµ´,lying face,visage de menteur,cara de mentiroso
ğŸ˜Œ,ì•ˆì‹¬í•œ ì–¼êµ´,relieved face,visage soulagÃ©,cara de alivio
ğŸ˜”,ìˆ˜ì‹¬ ì–´ë¦° ì–¼êµ´,pensive face,visage pensif,cara desanimada
ğŸ˜ª,ì¡¸ë¦° ì–¼êµ´,sleepy face,visage endormi,cara de sueÃ±o
ğŸ¤¤,ì¹¨ í˜ë¦¬ëŠ” ì–¼êµ´,drooling face,visage qui bave,cara babeando
ğŸ˜´,ì¡¸ê³  ìˆëŠ” ì–¼êµ´,sleeping face,visage somnolent,cara durmiendo
ğŸ˜·,ë§ˆìŠ¤í¬ ë‚€ ì–¼êµ´,face with medical mask,visage avec masque,cara con mascarilla mÃ©dica
ğŸ¤’,ì²´ì˜¨ê³„ë¥¼ ë¬¼ê³  ìˆëŠ” ì–¼êµ´,face with thermometer,visage avec thermomÃ¨tre,cara con termÃ³metro
ğŸ¤•,ë¨¸ë¦¬ì— ë¶•ëŒ€ë¥¼ ê°ì€ ì–¼êµ´,face with head-bandage,visage avec bandage autour de la tÃªte,cara con la cabeza vendada
ğŸ¤¢,êµ¬ì—­ì§ˆì„ í•˜ëŠ” ì–¼êµ´,nauseated face,visage nausÃ©eux,cara de nÃ¡useas
ğŸ¤®,í† í•˜ëŠ” ì–¼êµ´,face vomiting,visage qui vomit,cara vomitando
ğŸ¤§,ì¬ì±„ê¸°í•˜ëŠ” ì–¼êµ´,sneezing face,visage qui Ã©ternue,cara estornudando
ğŸ¥µ,ë”ìš´ ì–¼êµ´,hot face,visage rouge et chaud,cara con calor
ğŸ¥¶,ì¶”ì›Œí•˜ëŠ” ì–¼êµ´,cold face,visage bleu et froid,cara con frÃ­o
ğŸ¥´,í—¤ë¡±í—¤ë¡± ì–¼êµ´,woozy face,visage Ã©mÃ©chÃ©,cara de grogui
ğŸ˜µ,ì–´ì§€ëŸ¬ìš´ ì–¼êµ´,dizzy face,visage Ã©tourdi,cara mareada
ğŸ¤¯,í­ë°œí•˜ëŠ” ì–¼êµ´,exploding head,tÃªte qui explose,cabeza explotando
ğŸ¤ ,ì¹´ìš°ë³´ì´ ëª¨ì ì“´ ì–¼êµ´,cowboy hat face,visage avec chapeau de cowboy,cara con sombrero de vaquero
ğŸ¥³,íŒŒí‹°í•˜ëŠ” ì–¼êµ´,partying face,visage festif,cara de fiesta
ğŸ˜,ì„ ê¸€ë¼ìŠ¤ ë‚€ ì–¼êµ´,smiling face with sunglasses,visage avec lunettes de soleil,cara sonriendo con gafas de sol
ğŸ¤“,ëª¨ë²”ìƒ ì–¼êµ´,nerd face,visage de geek,cara de empollÃ³n
ğŸ§,ë‹¨ì•ˆê²½ì„ ì“´ ì–¼êµ´,face with monocle,visage avec un monocle,cara con monÃ³culo
ğŸ˜•,í˜¼ë€ìŠ¤ëŸ¬ì›Œí•˜ëŠ” ì–¼êµ´,confused face,visage confus,cara de confusiÃ³n
ğŸ˜Ÿ,ê±±ì •ìŠ¤ëŸ¬ìš´ ì–¼êµ´,worried face,visage inquiet,cara preocupada
ğŸ™,ì‚´ì§ ì°¡ê·¸ë¦° ì–¼êµ´,slightly frowning face,visage lÃ©gÃ¨rement mÃ©content,cara con el ceÃ±o ligeramente fruncido
â˜¹,ì°¡ê·¸ë¦° ì–¼êµ´,frowning face,visage mÃ©content,cara con el ceÃ±o fruncido
ğŸ˜®,ì…ë²Œë¦° ì–¼êµ´,face with open mouth,visage avec bouche ouverte,cara con la boca abierta
ğŸ˜¯,ìˆ¨ì£½ì¸ ì–¼êµ´,hushed face,visage Ã©bahi,cara estupefacta
ğŸ˜²,ê¹œì§ ë†€ë€ ì–¼êµ´,astonished face,visage stupÃ©fait,cara asombrada
ğŸ˜³,ìƒê¸°ëœ ì–¼êµ´,flushed face,visage qui rougit,cara sonrojada
ğŸ¥º,ì• ì›í•˜ëŠ” ì–¼êµ´,pleading face,visage implorant,cara de por favor
ğŸ˜¦,ì… ë²Œë¦¬ê³  ì°Œí‘¸ë¦° ì–¼êµ´,frowning face with open mouth,visage mÃ©content avec bouche ouverte,cara con el ceÃ±o fruncido y la boca abierta
ğŸ˜§,ê´´ë¡œì›Œí•˜ëŠ” ì–¼êµ´,anguished face,visage angoissÃ©,cara angustiada
ğŸ˜¨,ë‘ë ¤ì›Œí•˜ëŠ” ì–¼êµ´,fearful face,visage effrayÃ©,cara asustada
ğŸ˜°,ë•€ í˜ë¦¬ë©° ë¶ˆì•ˆí•´í•˜ëŠ” ì–¼êµ´,anxious face with sweat,visage anxieux avec goutte de sueur,cara con ansiedad y sudor
ğŸ˜¥,ì‹¤ë§í–ˆì§€ë§Œ ì•ˆë„í•˜ëŠ” ì–¼êµ´,sad but relieved face,visage triste mais soulagÃ©,cara triste pero aliviada
ğŸ˜¢,ìš°ëŠ” ì–¼êµ´,crying face,visage qui pleure,cara llorando
ğŸ˜­,ì—‰ì—‰ ìš°ëŠ” ì–¼êµ´,loudly crying face,visage qui pleure Ã  chaudes larmes,cara llorando fuerte
ğŸ˜±,ê³µí¬ì— ì ˆê·œí•˜ëŠ” ì–¼êµ´,face screaming in fear,visage qui hurle de peur,cara gritando de miedo
ğŸ˜–,ë‹¹í˜¹í•œ ì–¼êµ´,confounded face,visage dÃ©concertÃ©,cara de frustraciÃ³n
ğŸ˜£,ì°¸ì•„ë‚´ëŠ” ì–¼êµ´,persevering face,visage persÃ©vÃ©rant,cara desesperada
ğŸ˜,ì‹¤ë§í•œ ì–¼êµ´,disappointed face,visage dÃ©Ã§u,cara decepcionada
ğŸ˜“,ì‹ì€ë•€ í˜ë¦¬ëŠ” ì–¼êµ´,downcast face with sweat,visage dÃ©moralisÃ© avec goutte de sueur,cara con sudor frÃ­o
ğŸ˜©,ì§€ì¹œ ì–¼êµ´,weary face,visage Ã©puisÃ©,cara agotada
ğŸ˜«,í”¼ê³¤í•œ ì–¼êµ´,tired face,visage fatiguÃ©,cara cansada
ğŸ¥±,í•˜í’ˆí•˜ëŠ” ì–¼êµ´,yawning face,visage bÃ¢illant,cara de bostezo
ğŸ˜¤,í™”ë‚´ë©° ì”©ì”©ê±°ë¦¬ëŠ” ì–¼êµ´,face with steam from nose,visage avec fumÃ©e sortant des narines,cara resoplando
ğŸ˜¡,ë¾°ë¡œí†µí•œ ì–¼êµ´,pouting face,visage boudeur,cara cabreada
ğŸ˜ ,í™”ë‚œ ì–¼êµ´,angry face,visage en colÃ¨re,cara enfadada
ğŸ¤¬,ìš•í•˜ëŠ” ì–¼êµ´,face with symbols on mouth,visage avec des symboles dans la bouche,cara con sÃ­mbolos en la boca
ğŸ˜ˆ,ë¨¸ë¦¬ì— ë¿”ì´ ë‹¬ë¦° ì›ƒëŠ” ì–¼êµ´,smiling face with horns,visage souriant avec des cornes,cara sonriendo con cuernos
ğŸ‘¿,ë¨¸ë¦¬ì— ë¿”ì´ ë‹¬ë¦° í™”ë‚œ ì–¼êµ´,angry face with horns,visage en colÃ¨re avec des cornes,cara enfadada con cuernos
ğŸ’€,í•´ê³¨,skull,crÃ¢ne,calavera
â˜ ,í•´ê³¨ê³¼ ë¼ˆë‹¤ê·€,skull and crossbones,tÃªte de mort,calavera y huesos cruzados
ğŸ’©,ë˜¥,pile of poo,tas de crotte,caca con ojos
ğŸ¤¡,ì–´ë¦¿ê´‘ëŒ€ ì–¼êµ´,clown face,visage de clown,cara de payaso
ğŸ‘¹,ë„ê¹¨ë¹„ ê°€ë©´,ogre,ogre,demonio japonÃ©s oni
ğŸ‘º,ì½”ì£¼ë¶€ ë„ê¹¨ë¹„ ê°€ë©´,goblin,monstre japonais,demonio japonÃ©s tengu
ğŸ‘»,ìœ ë ¹,ghost,fantÃ´me,fantasma
ğŸ‘½,ì™¸ê³„ì¸,alien,alien,alienÃ­gena
ğŸ‘¾,ì—ì¼ë¦¬ì–¸,alien monster,monstre de lâ€™espace,monstruo alienÃ­gena
ğŸ¤–,ë¡œë´‡ ì–¼êµ´,robot,robot,robot
ğŸ˜º,í™œì§ ì›ƒëŠ” ê³ ì–‘ì´ ì–¼êµ´,grinning cat,chat qui sourit,gato sonriendo
ğŸ˜¸,ë¯¸ì†Œ ì§“ëŠ” ëˆˆìœ¼ë¡œ í™œì§ ì›ƒëŠ” ê³ ì–‘ì´ ì–¼êµ´,grinning cat with smiling eyes,chat qui sourit avec des yeux rieurs,gato sonriendo con ojos sonrientes
ğŸ˜¹,ê¸°ì¨ì˜ ëˆˆë¬¼ì„ í˜ë¦¬ëŠ” ê³ ì–‘ì´ ì–¼êµ´,cat with tears of joy,chat qui pleure de joie,gato llorando de risa
ğŸ˜»,í•˜íŠ¸ ëˆˆ ê³ ì–‘ì´ ì–¼êµ´,smiling cat with heart-eyes,chat souriant aux yeux en cÅ“urs,gato sonriendo con ojos de corazÃ³n
ğŸ˜¼,ì©ì†Œ ì§“ëŠ” ê³ ì–‘ì´,cat with wry smile,chat avec sourire en coin,gato haciendo una mueca
ğŸ˜½,í‚¤ìŠ¤í•˜ëŠ” ê³ ì–‘ì´ ì–¼êµ´,kissing cat,chat qui fait un bisou,gato besando
ğŸ™€,ì ˆê·œí•˜ëŠ” ê³ ì–‘ì´ ì–¼êµ´,weary cat,chat fatiguÃ©,gato asustado
ğŸ˜¿,ìš¸ê³  ìˆëŠ” ê³ ì–‘ì´ ì–¼êµ´,crying cat,chat qui pleure,gato llorando
ğŸ˜¾,ë¾°ë¡œí†µí•œ ê³ ì–‘ì´ ì–¼êµ´,pouting cat,chat qui boude,gato enfadado
ğŸ™ˆ,ëˆˆì„ ê°€ë¦¬ê³  ìˆëŠ” ì›ìˆ­ì´,see-no-evil monkey,singe ne rien voir,mono con los ojos tapados
ğŸ™‰,ê·€ë¥¼ ë§‰ê³  ìˆëŠ” ì›ìˆ­ì´,hear-no-evil monkey,singe ne rien entendre,mono con los oÃ­dos tapados
ğŸ™Š,ì…ì„ ë§‰ê³  ìˆëŠ” ì›ìˆ­ì´,speak-no-evil monkey,singe ne rien dire,mono con la boca tapada
ğŸ’‹,ì…ìˆ ,kiss mark,trace de rouge Ã  lÃ¨vres,marca de beso
ğŸ’Œ,ëŸ¬ë¸Œë ˆí„°,love letter,lettre dâ€™amour,carta de amor
ğŸ’˜,í™”ì‚´ì´ ê½‚íŒ í•˜íŠ¸,heart with arrow,cÅ“ur et flÃ¨che,corazÃ³n con flecha
ğŸ’,ë¦¬ë³¸ ë‹¬ë¦° í•˜íŠ¸,heart with ribbon,cÅ“ur avec ruban,corazÃ³n con lazo
ğŸ’–,ë¹›ë‚˜ëŠ” í•˜íŠ¸,sparkling heart,cÅ“ur Ã©tincelant,corazÃ³n brillante
ğŸ’—,ì»¤ì§€ëŠ” í•˜íŠ¸,growing heart,cÅ“ur grandissant,corazÃ³n creciente
ğŸ’“,ë‘ê·¼ê±°ë¦¬ëŠ” í•˜íŠ¸,beating heart,cÅ“ur battant,corazÃ³n latiendo
ğŸ’,íšŒì „í•˜ëŠ” í•˜íŠ¸,revolving hearts,cÅ“urs qui tournent,corazones giratorios
ğŸ’•,í•˜íŠ¸ ë‘ ê°œ,two hearts,deux cÅ“urs,dos corazones
ğŸ’Ÿ,í•˜íŠ¸ ì¥ì‹,heart decoration,dÃ©coration avec cÅ“ur,adorno de corazÃ³n
â£,í•˜íŠ¸ ëª¨ì–‘ ëŠë‚Œí‘œ,heart exclamation,cÅ“ur point dâ€™exclamation,exclamaciÃ³n de corazÃ³n
ğŸ’”,ê¹¨ì§„ í•˜íŠ¸,broken heart,cÅ“ur brisÃ©,corazÃ³n roto
â¤,ë¹¨ê°„ìƒ‰ í•˜íŠ¸,red heart,cÅ“ur rouge,corazÃ³n rojo
ğŸ§¡,ì£¼í™©ìƒ‰ í•˜íŠ¸,orange heart,cÅ“ur orange,corazÃ³n naranja
ğŸ’›,ë…¸ë€ìƒ‰ í•˜íŠ¸,yellow heart,cÅ“ur jaune,corazÃ³n amarillo
ğŸ’š,ì´ˆë¡ìƒ‰ í•˜íŠ¸,green heart,cÅ“ur vert,corazÃ³n verde
ğŸ’™,íŒŒë€ìƒ‰ í•˜íŠ¸,blue heart,cÅ“ur bleu,corazÃ³n azul
ğŸ’œ,ë³´ë¼ìƒ‰ í•˜íŠ¸,purple heart,cÅ“ur violet,corazÃ³n morado
ğŸ¤,ê°ˆìƒ‰ í•˜íŠ¸,brown heart,cÅ“ur marron,corazÃ³n marrÃ³n
ğŸ–¤,ê²€ì€ìƒ‰ í•˜íŠ¸,black heart,cÅ“ur noir,corazÃ³n negro
ğŸ¤,í°ìƒ‰ í•˜íŠ¸,white heart,cÅ“ur blanc,corazÃ³n blanco
ğŸ’¯,ë°±ì ,hundred points,cent points,cien puntos
ğŸ’¢,í™”ë‚¨,anger symbol,symbole de colÃ¨re,sÃ­mbolo de enfado
ğŸ’¥,ì¶©ëŒ,collision,explosion,colisiÃ³n
ğŸ’«,ì–´ì§€ëŸ¬ì›€,dizzy,Ã©tourdissement,sÃ­mbolo de mareo
ğŸ’¦,ë•€,sweat droplets,gouttes de sueur,gotas de sudor
ğŸ’¨,ë‹¬ë ¤ë‚˜ê°,dashing away,dÃ©camper,salir corriendo
ğŸ•³,êµ¬ë©,hole,trou,agujero
ğŸ’£,í­íƒ„,bomb,bombe,bomba
ğŸ’¬,ë§í’ì„ ,speech balloon,bulle de parole,bocadillo de diÃ¡logo
ğŸ‘â€ğŸ—¨,ë§í’ì„  ì† ëˆˆ,eye in speech bubble,Å“il dans une bulle de BD,ojo en bocadillo de texto
ğŸ—¨,ì™¼ìª½ ë§í’ì„ ,left speech bubble,bulle de parole gauche,bocadillo de diÃ¡logo por la izquierda
ğŸ—¯,í™”ë‚œ í‘œí˜„ì˜ ì˜¤ë¥¸ìª½ ë§í’ì„ ,right anger bubble,bulle colÃ¨re droite,bocadillo de enfado por la derecha
ğŸ’­,ìƒê° í’ì„ ,thought balloon,bulle de pensÃ©e,bocadillo de pensamiento
ğŸ’¤,ì¡¸ë¦¼,zzz,endormi,sÃ­mbolo de sueÃ±o
ğŸ‘‹,í”ë“œëŠ” ì†,waving hand,signe de la main,mano saludando
ğŸ¤š,ì†ë“±,raised back of hand,dos de main levÃ©e,dorso de la mano
ğŸ–,ì«™ í¸ ì†ë°”ë‹¥,hand with fingers splayed,main levÃ©e doigts Ã©cartÃ©s,mano abierta
âœ‹,ì†ë°”ë‹¥,raised hand,main levÃ©e,mano levantada
ğŸ––,ë²Œì¹¸ì‹ ì¸ì‚¬,vulcan salute,salut vulcain,saludo vulcano
ğŸ‘Œ,ì˜¤ì¼€ì´ë¥¼ í‘œì‹œí•œ ì†,OK hand,ok,seÃ±al de aprobaciÃ³n con la mano
ğŸ¤,ê¼¬ì§‘ëŠ” ì†,pinching hand,pouce et index rapprochÃ©s,mano pellizcando
âœŒ,ë¸Œì´ í‘œì‹œ,victory hand,V de la victoire,mano con seÃ±al de victoria
ğŸ¤,ê²€ì§€ì™€ ì¤‘ì§€ í¬ë¡œìŠ¤,crossed fingers,doigts croisÃ©s,dedos cruzados
ğŸ¤Ÿ,ì‚¬ë‘ì„ í‘œì‹œí•˜ëŠ” ì†,love-you gesture,signe je tâ€™aime,gesto de te quiero
ğŸ¤˜,ë¿” ëª¨ì–‘ ì†ì§“,sign of the horns,cornes avec les doigts,mano haciendo el signo de cuernos
ğŸ¤™,ì „í™”ë¥¼ ê±¸ë¼ëŠ” ì† ëª¨ì–‘,call me hand,signe appel tÃ©lÃ©phonique avec les doigts,mano haciendo el gesto de llamar
ğŸ‘ˆ,ì™¼ìª½ì„ ê°€ë¦¬í‚¤ëŠ” ì†ë“±,backhand index pointing left,main avec index pointant Ã  gauche,dorso de mano con Ã­ndice a la izquierda
ğŸ‘‰,ì˜¤ë¥¸ìª½ì„ ê°€ë¦¬í‚¤ëŠ” ì†ë“±,backhand index pointing right,main avec index pointant Ã  droite,dorso de mano con Ã­ndice a la derecha
ğŸ‘†,ìœ„ìª½ì„ ê°€ë¦¬í‚¤ëŠ” ì†ë“±,backhand index pointing up,main avec index pointant vers le haut,dorso de mano con Ã­ndice hacia arriba
ğŸ–•,ì¤‘ì§€,middle finger,doigt dâ€™honneur,dedo corazÃ³n hacia arriba
ğŸ‘‡,ì•„ë˜ìª½ì„ ê°€ë¦¬í‚¤ëŠ” ì†ë“±,backhand index pointing down,main avec index pointant vers le bas,dorso de mano con Ã­ndice hacia abajo
â˜,ìœ„ìª½ì„ ê°€ë¦¬í‚¤ëŠ” ì†,index pointing up,index pointant vers le haut,dedo Ã­ndice hacia arriba
ğŸ‘,ì˜¬ë¦° ì—„ì§€,thumbs up,pouce vers le haut,pulgar hacia arriba
ğŸ‘,ë‚´ë¦° ì—„ì§€,thumbs down,pouce vers le bas,pulgar hacia abajo
âœŠ,ì£¼ë¨¹,raised fist,poing levÃ©,puÃ±o en alto
ğŸ‘Š,ì£¼ë¨¹ ì „ë©´,oncoming fist,poing de face,puÃ±o cerrado
ğŸ¤›,ì™¼ìª½ì„ í–¥í•˜ëŠ” ì£¼ë¨¹,left-facing fist,poing Ã  gauche,puÃ±o hacia la izquierda
ğŸ¤œ,ì˜¤ë¥¸ìª½ì„ í–¥í•˜ëŠ” ì£¼ë¨¹,right-facing fist,poing Ã  droite,puÃ±o hacia la derecha
ğŸ‘,ì†ë¼‰,clapping hands,applaudissements,manos aplaudiendo
ğŸ™Œ,ë§Œì„¸,raising hands,mains levÃ©es,manos levantadas celebrando
ğŸ‘,ì–‘ì†ì„ ëª¨ì•„ì„œ ë²Œë¦° ëª¨ì–‘,open hands,mains ouvertes,manos abiertas
ğŸ¤²,ë‚´ë¯¼ ë‘ ì†,palms up together,paume contre paume doigts vers le haut,palmas hacia arriba juntas
ğŸ¤,ì•…ìˆ˜,handshake,poignÃ©e de main,apretÃ³n de manos
ğŸ™,ê¸°ë„,folded hands,mains en priÃ¨re,manos en oraciÃ³n
âœ,ê¸€ì„ ì“°ê³  ìˆëŠ” ì†,writing hand,main qui Ã©crit,mano escribiendo
ğŸ’…,ë§¤ë‹ˆíì–´,nail polish,vernis Ã  ongles,pintarse las uÃ±as
ğŸ¤³,ì…€ì¹´,selfie,selfie,selfi
ğŸ’ª,ì•Œí†µ,flexed biceps,biceps contractÃ©,bÃ­ceps flexionado
ğŸ¦¾,ê¸°ê³„ íŒ”,mechanical arm,bras mÃ©canique,brazo mecÃ¡nico
ğŸ¦¿,ì¸ê³µ ë‹¤ë¦¬,mechanical leg,jambe mÃ©canique,pierna mecÃ¡nica
ğŸ¦µ,í•œìª½ ë‹¤ë¦¬,leg,jambe,pierna
ğŸ¦¶,í•œìª½ ë°œ,foot,pied,pie
ğŸ‘‚,ê·€,ear,oreille,oreja
ğŸ¦»,ë³´ì²­ê¸°ë¥¼ ë‚€ ê·€,ear with hearing aid,oreille appareillÃ©e,oreja con audÃ­fono
ğŸ‘ƒ,ì½”,nose,nez,nariz
ğŸ§ ,ë‡Œ,brain,cerveau,cerebro
ğŸ¦·,ì´ë¹¨,tooth,dent,diente
ğŸ¦´,ë¼ˆë‹¤ê·€,bone,os,hueso
ğŸ‘€,ì™•ëˆˆì´ ëˆˆì•Œ,eyes,yeux,ojos
ğŸ‘,ëˆˆ,eye,Å“il,ojo
ğŸ‘…,í˜€,tongue,langue,lengua
ğŸ‘„,ì…,mouth,bouche,boca
ğŸ‘¶,ì•„ê¸°,baby,bÃ©bÃ©,bebÃ©
ğŸ§’,ì–´ë¦°ì´,child,enfant,infante
ğŸ‘¦,ë‚¨ì ì•„ì´,boy,garÃ§on,niÃ±o
ğŸ‘§,ì—¬ì ì•„ì´,girl,fille,niÃ±a
ğŸ§‘,ì‚¬ëŒ,person,adulte,persona adulta
ğŸ‘±,ê¸ˆë°œì¸ ì‚¬ëŒ,person: blond hair,personne blonde,persona adulta rubia
ğŸ§‘â€ğŸ¼,ìˆ˜ìœ  ì¤‘ì¸ ì‚¬ëŒ,person feeding baby,personne allaitant un bÃ©bÃ©,persona alimentando a bebÃ©
ğŸ§‘â€ğŸ„,ì‚°íƒ€,mx claus,santa,Noel
ğŸ‘¨,ë‚¨ì,man,homme,hombre
ğŸ§”,ìˆ˜ì—¼ ë‚œ ì‚¬ëŒ,man: beard,homme barbu,hombre con barba
ğŸ‘±â€â™‚,ê¸ˆë°œ ë‚¨ì,man: blond hair,homme blond,hombre rubio
ğŸ‘¨â€ğŸ¼,ìˆ˜ìœ  ì¤‘ì¸ ë‚¨ì,man feeding baby,homme allaitant un bÃ©bÃ©,hombre alimentando a bebÃ©
ğŸ‘©,ì—¬ì,woman,femme,mujer
ğŸ‘±â€â™€,ê¸ˆë°œ ì—¬ì,woman: blond hair,femme blonde,mujer rubia
ğŸ‘©â€ğŸ¼,ìˆ˜ìœ  ì¤‘ì¸ ì—¬ì,woman feeding baby,femme allaitant un bÃ©bÃ©,mujer alimentando a bebÃ©
ğŸ§“,ë…¸ì¸,older person,personne Ã¢gÃ©e,persona adulta madura
ğŸ‘´,í• ì•„ë²„ì§€,old man,homme Ã¢gÃ©,anciano
ğŸ‘µ,í• ë¨¸ë‹ˆ,old woman,femme Ã¢gÃ©e,anciana
ğŸ™,ì°Œí‘¸ë¦° ì‚¬ëŒ,person frowning,personne fronÃ§ant les sourcils,persona frunciendo el ceÃ±o
ğŸ™â€â™‚,ì°Œí‘¸ë¦° ë‚¨ì,man frowning,homme fronÃ§ant les sourcils,hombre frunciendo el ceÃ±o
ğŸ™â€â™€,ì°Œí‘¸ë¦° ì—¬ì,woman frowning,femme fronÃ§ant les sourcils,mujer frunciendo el ceÃ±o
ğŸ™,ë¾°ë¡œí†µí•œ ì‚¬ëŒ,person pouting,personne qui boude,persona haciendo pucheros
ğŸ™â€â™‚,ë¾°ë¡œí†µí•œ ë‚¨ì,man pouting,homme qui boude,hombre haciendo pucheros
ğŸ™â€â™€,ë¾°ë¡œí†µí•œ ì—¬ì,woman pouting,femme qui boude,mujer haciendo pucheros
ğŸ™…,ì•ˆëœë‹¤ëŠ” ì œìŠ¤ì²˜ë¥¼ í•˜ëŠ” ì‚¬ëŒ,person gesturing NO,personne faisant un geste dâ€™interdiction,"persona haciendo el gesto de ""no"""
ğŸ™…â€â™‚,ì•ˆëœë‹¤ëŠ” ì œìŠ¤ì²˜ë¥¼ í•˜ëŠ” ë‚¨ì,man gesturing NO,homme faisant un geste dâ€™interdiction,"hombre haciendo el gesto de ""no"""
ğŸ™…â€â™€,ì•ˆëœë‹¤ëŠ” ì œìŠ¤ì²˜ë¥¼ í•˜ëŠ” ì—¬ì,woman gesturing NO,femme faisant un geste dâ€™interdiction,"mujer haciendo el gesto de ""no"""
ğŸ™†,ì˜¤ì¼€ì´ë¼ëŠ” ì œìŠ¤ì²˜ë¥¼ í•˜ëŠ” ì‚¬ëŒ,person gesturing OK,personne faisant un geste dâ€™acceptation,"persona haciendo el gesto de ""de acuerdo"""
ğŸ™†â€â™‚,ì˜¤ì¼€ì´ë¼ëŠ” ì œìŠ¤ì²˜ë¥¼ í•˜ëŠ” ë‚¨ì,man gesturing OK,homme faisant un geste dâ€™acceptation,"hombre haciendo el gesto de ""de acuerdo"""
ğŸ™†â€â™€,ì˜¤ì¼€ì´ë¼ëŠ” ì œìŠ¤ì²˜ë¥¼ í•˜ëŠ” ì—¬ì,woman gesturing OK,femme faisant un geste dâ€™acceptation,"mujer haciendo el gesto de ""de acuerdo"""
ğŸ’,ì†ë°”ë‹¥ êº¾ì€ ì‚¬ëŒ,person tipping hand,personne paume vers le haut,persona de mostrador de informaciÃ³n
ğŸ’â€â™‚,ì†ë°”ë‹¥ êº¾ì€ ë‚¨ì,man tipping hand,homme paume vers le haut,empleado de mostrador de informaciÃ³n
ğŸ’â€â™€,ì†ë°”ë‹¥ êº¾ì€ ì—¬ì,woman tipping hand,femme paume vers le haut,empleada de mostrador de informaciÃ³n
ğŸ™‹,í•œ ì† ë“  ì‚¬ëŒ,person raising hand,personne qui lÃ¨ve la main,persona con la mano levantada
ğŸ™‹â€â™‚,í•œ ì† ë“  ë‚¨ì,man raising hand,homme qui lÃ¨ve la main,hombre con la mano levantada
ğŸ™‹â€â™€,í•œ ì† ë“  ì—¬ì,woman raising hand,femme qui lÃ¨ve la main,mujer con la mano levantada
ğŸ§,ì²­ê° ì¥ì• ê°€ ìˆëŠ” ì‚¬ëŒ,deaf person,personne sourde,persona sorda
ğŸ§â€â™‚,ì²­ê°ì¥ì• ê°€ ìˆëŠ” ë‚¨ì,deaf man,homme sourd,hombre sordo
ğŸ§â€â™€,ì²­ê°ì¥ì• ê°€ ìˆëŠ” ì—¬ì,deaf woman,femme sourde,mujer sorda
ğŸ™‡,ì ˆí•˜ëŠ” ì‚¬ëŒ,person bowing,personne qui sâ€™incline,persona haciendo una reverencia
ğŸ™‡â€â™‚,ì ˆí•˜ëŠ” ë‚¨ì,man bowing,homme qui sâ€™incline,hombre haciendo una reverencia
ğŸ™‡â€â™€,ì ˆí•˜ëŠ” ì—¬ì,woman bowing,femme qui sâ€™incline,mujer haciendo una reverencia
ğŸ¤¦,ê³¨ì¹˜ ì•„íŒŒí•˜ëŠ” ì‚¬ëŒ,person facepalming,personne avec la paume sur le visage,persona con la mano en la frente
ğŸ¤¦â€â™‚,ê³¨ì¹˜ ì•„íŒŒí•˜ëŠ” ë‚¨ì,man facepalming,homme avec la paume sur le visage,hombre con la mano en la frente
ğŸ¤¦â€â™€,ê³¨ì¹˜ ì•„íŒŒí•˜ëŠ” ì—¬ì,woman facepalming,femme avec la paume sur le visage,mujer con la mano en la frente
ğŸ¤·,ì–´ê¹¨ë¥¼ ìœ¼ì“±í•˜ëŠ” ì‚¬ëŒ,person shrugging,personne qui hausse les Ã©paules,persona encogida de hombros
ğŸ¤·â€â™‚,ì–´ê¹¨ë¥¼ ìœ¼ì“±í•˜ëŠ” ë‚¨ì,man shrugging,homme qui hausse les Ã©paules,hombre encogido de hombros
ğŸ¤·â€â™€,ì–´ê¹¨ë¥¼ ìœ¼ì“±í•˜ëŠ” ì—¬ì,woman shrugging,femme qui hausse les Ã©paules,mujer encogida de hombros
ğŸ§‘â€âš•,ì˜ë£Œì¸,health worker,professionnel de la santÃ© (tous genres),profesional sanitario
ğŸ‘¨â€âš•,ë‚¨ì ì˜ë£Œì¸,man health worker,professionnel de la santÃ©,profesional sanitario hombre
ğŸ‘©â€âš•,ì—¬ì ì˜ë£Œì¸,woman health worker,professionnelle de la santÃ©,profesional sanitario mujer
ğŸ§‘â€ğŸ“,í•™ìƒ,student,Ã©tudiant (tous genres),estudiante
ğŸ‘¨â€ğŸ“,ë‚¨í•™ìƒ,man student,Ã©tudiant,estudiante hombre
ğŸ‘©â€ğŸ“,ì—¬í•™ìƒ,woman student,Ã©tudiante,estudiante mujer
ğŸ§‘â€ğŸ«,êµì‚¬,teacher,personnel enseignant,docente
ğŸ‘¨â€ğŸ«,ë‚¨êµì‚¬,man teacher,enseignant,docente hombre
ğŸ‘©â€ğŸ«,ì—¬êµì‚¬,woman teacher,enseignante,docente mujer
ğŸ§‘â€âš–,íŒì‚¬,judge,juge,fiscal
ğŸ‘¨â€âš–,ë‚¨ì íŒì‚¬,man judge,juge homme,fiscal hombre
ğŸ‘©â€âš–,ì—¬ì íŒì‚¬,woman judge,juge femme,fiscal mujer
ğŸ§‘â€ğŸŒ¾,ë†ë¶€,farmer,fermier (tous genres),profesional de la agricultura
ğŸ‘¨â€ğŸŒ¾,ë‚¨ì ë†ë¶€,man farmer,fermier,profesional de la agricultura hombre
ğŸ‘©â€ğŸŒ¾,ì—¬ì ë†ë¶€,woman farmer,fermiÃ¨re,profesional de la agricultura mujer
ğŸ§‘â€ğŸ³,ìš”ë¦¬ì‚¬,cook,cuisinier (tous genres),chef
ğŸ‘¨â€ğŸ³,ë‚¨ì ìš”ë¦¬ì‚¬,man cook,cuisinier,chef hombre
ğŸ‘©â€ğŸ³,ì—¬ì ìš”ë¦¬ì‚¬,woman cook,cuisiniÃ¨re,chef mujer
ğŸ§‘â€ğŸ”§,ì •ë¹„ê³µ,mechanic,mÃ©canicien (tous genres),profesional de la mecÃ¡nica
ğŸ‘¨â€ğŸ”§,ë‚¨ì ì •ë¹„ê³µ,man mechanic,mÃ©canicien,profesional de la mecÃ¡nica hombre
ğŸ‘©â€ğŸ”§,ì—¬ì ì •ë¹„ê³µ,woman mechanic,mÃ©canicienne,profesional de la mecÃ¡nica mujer
ğŸ§‘â€ğŸ­,ê³µì¥ ì§ì›,factory worker,ouvrier (tous genres),profesional industrial
ğŸ‘¨â€ğŸ­,ê³µì¥ ë‚¨ì ì§ì›,man factory worker,ouvrier,profesional industrial hombre
ğŸ‘©â€ğŸ­,ê³µì¥ ì—¬ì ì§ì›,woman factory worker,ouvriÃ¨re,profesional industrial mujer
ğŸ§‘â€ğŸ’¼,íšŒì‚¬ì›,office worker,employÃ© de bureau (tous genres),oficinista
ğŸ‘¨â€ğŸ’¼,ë‚¨ì íšŒì‚¬ì›,man office worker,employÃ© de bureau,oficinista hombre
ğŸ‘©â€ğŸ’¼,ì—¬ì íšŒì‚¬ì›,woman office worker,employÃ©e de bureau,oficinista mujer
ğŸ§‘â€ğŸ”¬,ê³¼í•™ì,scientist,scientifique,profesional de la ciencia
ğŸ‘¨â€ğŸ”¬,ë‚¨ì ê³¼í•™ì,man scientist,scientifique homme,profesional de la ciencia hombre
ğŸ‘©â€ğŸ”¬,ì—¬ì ê³¼í•™ì,woman scientist,scientifique femme,profesional de la ciencia mujer
ğŸ§‘â€ğŸ’»,ê¸°ìˆ  ì „ë¬¸ê°€,technologist,informaticien (tous genres),profesional de la tecnologÃ­a
ğŸ‘¨â€ğŸ’»,ë‚¨ì ê¸°ìˆ  ì „ë¬¸ê°€,man technologist,informaticien,profesional de la tecnologÃ­a hombre
ğŸ‘©â€ğŸ’»,ì—¬ì ê¸°ìˆ  ì „ë¬¸ê°€,woman technologist,informaticienne,profesional de la tecnologÃ­a mujer
ğŸ§‘â€ğŸ¤,ê°€ìˆ˜,singer,chanteur (tous genres),cantante
ğŸ‘¨â€ğŸ¤,ë‚¨ì ê°€ìˆ˜,man singer,chanteur,cantante hombre
ğŸ‘©â€ğŸ¤,ì—¬ì ê°€ìˆ˜,woman singer,chanteuse,cantante mujer
ğŸ§‘â€ğŸ¨,í™”ê°€,artist,artiste,artista
ğŸ‘¨â€ğŸ¨,ë‚¨ì í™”ê°€,man artist,artiste homme,artista hombre
ğŸ‘©â€ğŸ¨,ì—¬ì í™”ê°€,woman artist,artiste femme,artista mujer
ğŸ§‘â€âœˆ,ê¸°ì¥,pilot,pilote,piloto
ğŸ‘¨â€âœˆ,ë‚¨ì ê¸°ì¥,man pilot,pilote homme,piloto hombre
ğŸ‘©â€âœˆ,ì—¬ì ê¸°ì¥,woman pilot,pilote femme,piloto mujer
ğŸ§‘â€ğŸš€,ìš°ì£¼ë¹„í–‰ì‚¬,astronaut,astronaute,astronauta
ğŸ‘¨â€ğŸš€,ë‚¨ì ìš°ì£¼ë¹„í–‰ì‚¬,man astronaut,astronaute homme,astronauta hombre
ğŸ‘©â€ğŸš€,ì—¬ì ìš°ì£¼ë¹„í–‰ì‚¬,woman astronaut,astronaute femme,astronauta mujer
ğŸ§‘â€ğŸš’,ì†Œë°©ê´€,firefighter,pompier,bombero
ğŸ‘¨â€ğŸš’,ë‚¨ì ì†Œë°©ê´€,man firefighter,pompier homme,bombero hombre
ğŸ‘©â€ğŸš’,ì—¬ì ì†Œë°©ê´€,woman firefighter,pompier femme,bombera
ğŸ‘®,ê²½ì°°ê´€,police officer,officier de police,agente de policÃ­a
ğŸ‘®â€â™‚,ë‚¨ì ê²½ì°°ê´€,man police officer,policier,agente de policÃ­a hombre
ğŸ‘®â€â™€,ì—¬ì ê²½ì°°ê´€,woman police officer,policiÃ¨re,agente de policÃ­a mujer
ğŸ•µ,íƒì •,detective,dÃ©tective,detective
ğŸ•µâ€â™‚,ë‚¨ì íƒì •,man detective,dÃ©tective homme,detective hombre
ğŸ•µâ€â™€,ì—¬ì íƒì •,woman detective,dÃ©tective femme,detective mujer
ğŸ’‚,ê·¼ìœ„ë³‘,guard,garde,guardia
ğŸ’‚â€â™‚,ë‚¨ì ê·¼ìœ„ë³‘,man guard,garde homme,guardia hombre
ğŸ’‚â€â™€,ì—¬ì ê·¼ìœ„ë³‘,woman guard,garde femme,guardia mujer
ğŸ‘·,ê±´ì„¤ ë…¸ë™ì,construction worker,personnel du bÃ¢timent,profesional de la construcciÃ³n
ğŸ‘·â€â™‚,ê±´ì„¤ í˜„ì¥ ë‚¨ì ë…¸ë™ì,man construction worker,ouvrier du bÃ¢timent,profesional de la construcciÃ³n hombre
ğŸ‘·â€â™€,ê±´ì„¤ í˜„ì¥ ì—¬ì ë…¸ë™ì,woman construction worker,ouvriÃ¨re du bÃ¢timent,profesional de la construcciÃ³n mujer
ğŸ¤´,ì™•ì,prince,prince,prÃ­ncipe
ğŸ‘¸,ê³µì£¼,princess,princesse,princesa
ğŸ‘³,í„°ë²ˆì„ ì“°ê³  ìˆëŠ” ì‚¬ëŒ,person wearing turban,personne en turban,persona con turbante
ğŸ‘³â€â™‚,í„°ë²ˆì„ ì“°ê³  ìˆëŠ” ë‚¨ì,man wearing turban,homme en turban,hombre con turbante
ğŸ‘³â€â™€,í„°ë²ˆì„ ì“°ê³  ìˆëŠ” ì—¬ì,woman wearing turban,femme en turban,mujer con turbante
ğŸ‘²,ì¤‘êµ­ ì „í†µ ëª¨ìë¥¼ ì“°ê³  ìˆëŠ” ë‚¨ì,person with skullcap,homme avec casquette chinoise,hombre con gorro chino
ğŸ§•,ë¨¸ë¦¬ì— ìŠ¤ì¹´í”„ë¥¼ ë‘ë¥¸ ì—¬ì,woman with headscarf,femme avec foulard,mujer con hiyab
ğŸ¤µ,í„±ì‹œë„ë¥¼ ì…ì€ ì‚¬ëŒ,person in tuxedo,personne en smoking,persona con esmoquin
ğŸ¤µâ€â™€,í„±ì‹œë„ë¥¼ ì…ì€ ì—¬ì,woman in tuxedo,femme en smoking,mujer con esmoquin
ğŸ¤µâ€â™‚,í„±ì‹œë„ë¥¼ ì…ì€ ë‚¨ì,man in tuxedo,homme en smoking,hombre con esmoquin
ğŸ‘°,ë©´ì‚¬í¬ë¥¼ ì“´ ì‚¬ëŒ,person with veil,personne mariÃ©e avec voile,persona con velo
ğŸ‘°â€â™€,ë©´ì‚¬í¬ë¥¼ ì“´ ì—¬ì,woman with veil,femme avec voile,mujer con velo
ğŸ‘°â€â™‚,ë©´ì‚¬í¬ë¥¼ ì“´ ë‚¨ì,man with veil,homme avec voile,hombre con velo
ğŸ¤°,ì„ì‚°ë¶€,pregnant woman,femme enceinte,mujer embarazada
ğŸ¤±,ëª¨ìœ  ìˆ˜ìœ ,breast-feeding,allaitement,lactancia materna
ğŸ‘¼,ì•„ê¸° ì²œì‚¬,baby angel,bÃ©bÃ© ange,bebÃ© Ã¡ngel
ğŸ…,ì‚°íƒ€í´ë¡œìŠ¤,Santa Claus,pÃ¨re NoÃ«l,PapÃ¡ Noel
ğŸ¤¶,ì‚°íƒ€í• ë¨¸ë‹ˆ,Mrs. Claus,mÃ¨re NoÃ«l,MamÃ¡ Noel
ğŸ¦¸,íˆë¡œì¸,superhero,super-hÃ©ros,personaje de superhÃ©roe
ğŸ¦¸â€â™‚,ë‚¨ì íˆì–´ë¡œ,man superhero,super-hÃ©ros homme,superhÃ©roe
ğŸ¦¸â€â™€,ì—¬ì íˆì–´ë¡œ,woman superhero,super-hÃ©roÃ¯ne,superheroÃ­na
ğŸ¦¹,ìŠˆí¼ ì•…ë‹¹,supervillain,super-vilain,personaje de supervillano
ğŸ¦¹â€â™‚,ë‚¨ì ìŠˆí¼ ì•…ë‹¹,man supervillain,super-vilain homme,supervillano
ğŸ¦¹â€â™€,ì—¬ì ìŠˆí¼ ì•…ë‹¹,woman supervillain,super-vilain femme,supervillana
ğŸ§™,ë§ˆë²•ì‚¬,mage,mage,persona maga
ğŸ§™â€â™‚,ë‚¨ì ë§ˆë²•ì‚¬,man mage,mage homme,mago
ğŸ§™â€â™€,ì—¬ì ë§ˆë²•ì‚¬,woman mage,mage femme,maga
ğŸ§š,ìš”ì •,fairy,personnage fÃ©Ã©rique,hada
ğŸ§šâ€â™‚,ë‚¨ì ìš”ì •,man fairy,fÃ©etaud,hada hombre
ğŸ§šâ€â™€,ì—¬ì ìš”ì •,woman fairy,fÃ©e,hada mujer
ğŸ§›,ë±€íŒŒì´ì–´,vampire,vampire,vampiro
ğŸ§›â€â™‚,ë‚¨ì ë±€íŒŒì´ì–´,man vampire,vampire homme,vampiro hombre
ğŸ§›â€â™€,ì—¬ì ë±€íŒŒì´ì–´,woman vampire,vampire femme,vampiresa
ğŸ§œ,ì¸ì–´,merperson,crÃ©ature aquatique,persona sirena
ğŸ§œâ€â™‚,ë‚¨ì ì¸ì–´,merman,triton,sirena hombre
ğŸ§œâ€â™€,ì—¬ì ì¸ì–´,mermaid,sirÃ¨ne,sirena
ğŸ§,ì—˜í”„,elf,elfe,elfo
ğŸ§â€â™‚,ë‚¨ì ì—˜í”„,man elf,elfe homme,elfo hombre
ğŸ§â€â™€,ì—¬ì ì—˜í”„,woman elf,elfe femme,elfa
ğŸ§,ì§€ë‹ˆ,genie,gÃ©nie,genio
ğŸ§â€â™‚,ë‚¨ì ì§€ë‹ˆ,man genie,gÃ©nie homme,genio hombre
ğŸ§â€â™€,ì—¬ì ì§€ë‹ˆ,woman genie,gÃ©nie femme,genio mujer
ğŸ§Ÿ,ì¢€ë¹„,zombie,zombie,zombi
ğŸ§Ÿâ€â™‚,ë‚¨ì ì¢€ë¹„,man zombie,zombie homme,zombi hombre
ğŸ§Ÿâ€â™€,ì—¬ì ì¢€ë¹„,woman zombie,zombie femme,zombi mujer
ğŸ’†,ë§ˆì‚¬ì§€ ë°›ëŠ” ì‚¬ëŒ,person getting massage,personne qui se fait masser,persona recibiendo masaje
ğŸ’†â€â™‚,ë§ˆì‚¬ì§€ ë°›ëŠ” ë‚¨ì,man getting massage,homme qui se fait masser,hombre recibiendo masaje
ğŸ’†â€â™€,ë§ˆì‚¬ì§€ ë°›ëŠ” ì—¬ì,woman getting massage,femme qui se fait masser,mujer recibiendo masaje
ğŸ’‡,í—¤ì–´ì»·,person getting haircut,personne qui se fait couper les cheveux,persona cortÃ¡ndose el pelo
ğŸ’‡â€â™‚,ë‚¨ì í—¤ì–´ì»·,man getting haircut,homme qui se fait couper les cheveux,hombre cortÃ¡ndose el pelo
ğŸ’‡â€â™€,ì—¬ì í—¤ì–´ì»·,woman getting haircut,femme qui se fait couper les cheveux,mujer cortÃ¡ndose el pelo
ğŸš¶,ë³´í–‰ì,person walking,personne qui marche,persona caminando
ğŸš¶â€â™‚,ê±·ëŠ” ë‚¨ì,man walking,homme qui marche,hombre caminando
ğŸš¶â€â™€,ê±·ëŠ” ì—¬ì,woman walking,femme qui marche,mujer caminando
ğŸ§,ì„œ ìˆëŠ” ì‚¬ëŒ,person standing,personne debout,persona de pie
ğŸ§â€â™‚,ì„œ ìˆëŠ” ë‚¨ì,man standing,homme debout,hombre de pie
ğŸ§â€â™€,ì„œ ìˆëŠ” ì—¬ì,woman standing,femme debout,mujer de pie
ğŸ§,ë¬´ë¦ì„ ê¿‡ì€ ì‚¬ëŒ,person kneeling,personne Ã  genoux,persona de rodillas
ğŸ§â€â™‚,ë¬´ë¦ì„ ê¿‡ì€ ë‚¨ì,man kneeling,homme Ã  genoux,hombre de rodillas
ğŸ§â€â™€,ë¬´ë¦ì„ ê¿‡ì€ ì—¬ì,woman kneeling,femme Ã  genoux,mujer de rodillas
ğŸ§‘â€ğŸ¦¯,ì§€íŒ¡ì´ë¥¼ ë“  ì‚¬ëŒ,person with white cane,personne avec une canne blanche,persona con bastÃ³n
ğŸ‘¨â€ğŸ¦¯,ì§€íŒ¡ì´ë¥¼ ë“  ë‚¨ì,man with white cane,homme avec canne blanche,hombre con bastÃ³n
ğŸ‘©â€ğŸ¦¯,ì§€íŒ¡ì´ë¥¼ ë“  ì—¬ì,woman with white cane,femme avec canne blanche,mujer con bastÃ³n
ğŸ§‘â€ğŸ¦¼,ì „ë™ íœ ì²´ì–´ë¥¼ íƒ„ ì‚¬ëŒ,person in motorized wheelchair,personne en fauteuil motorisÃ©,persona en silla de ruedas elÃ©ctrica
ğŸ‘¨â€ğŸ¦¼,ì „ë™ íœ ì²´ì–´ë¥¼ íƒ„ ë‚¨ì,man in motorized wheelchair,homme en fauteuil motorisÃ©,hombre en silla de ruedas elÃ©ctrica
ğŸ‘©â€ğŸ¦¼,ì „ë™ íœ ì²´ì–´ë¥¼ íƒ„ ì—¬ì,woman in motorized wheelchair,femme en fauteuil motorisÃ©,mujer en silla de ruedas elÃ©ctrica
ğŸ§‘â€ğŸ¦½,ìˆ˜ë™ íœ ì²´ì–´ë¥¼ íƒ„ ì‚¬ëŒ,person in manual wheelchair,personne en fauteuil roulant manuel,persona en silla de ruedas manual
ğŸ‘¨â€ğŸ¦½,ìˆ˜ë™ íœ ì²´ì–´ë¥¼ íƒ„ ë‚¨ì,man in manual wheelchair,homme en fauteuil roulant manuel,hombre en silla de ruedas manual
ğŸ‘©â€ğŸ¦½,ìˆ˜ë™ íœ ì²´ì–´ë¥¼ íƒ„ ì—¬ì,woman in manual wheelchair,femme en fauteuil roulant manuel,mujer en silla de ruedas manual
ğŸƒ,ë›°ëŠ” ì‚¬ëŒ,person running,personne qui court,persona corriendo
ğŸƒâ€â™‚,ë›°ëŠ” ë‚¨ì,man running,homme qui court,hombre corriendo
ğŸƒâ€â™€,ë›°ëŠ” ì—¬ì,woman running,femme qui court,mujer corriendo
ğŸ’ƒ,ì—¬ì ëŒ„ì„œ,woman dancing,danseuse,mujer bailando
ğŸ•º,ë‚¨ì ëŒ„ì„œ,man dancing,danseur,hombre bailando
ğŸ•´,ê³µì¤‘ì— ë–  ìˆëŠ” ì •ì¥ ì…ì€ ë‚¨ì,person in suit levitating,homme dâ€™affaires en lÃ©vitation,hombre trajeado levitando
ğŸ‘¯,í† ë¼ ê·€ë¥¼ ì“°ê³  ì¶¤ì¶”ëŠ” ì‚¬ëŒë“¤,people with bunny ears,personnes avec des oreilles de lapin,personas con orejas de conejo
ğŸ‘¯â€â™‚,í† ë¼ ê·€ë¥¼ ì“°ê³  ì¶¤ì¶”ëŠ” ë‚¨ìë“¤,men with bunny ears,hommes avec des oreilles de lapin,hombres con orejas de conejo
ğŸ‘¯â€â™€,í† ë¼ ê·€ë¥¼ ì“°ê³  ì¶¤ì¶”ëŠ” ì—¬ìë“¤,women with bunny ears,femmes avec des oreilles de lapin,mujeres con orejas de conejo
ğŸ§–,ì‚¬ìš°ë‚˜ í•˜ëŠ” ì‚¬ëŒ,person in steamy room,personne au hammam,persona en una sauna
ğŸ§–â€â™‚,ì‚¬ìš°ë‚˜ í•˜ëŠ” ë‚¨ì,man in steamy room,homme au hammam,hombre en una sauna
ğŸ§–â€â™€,ì‚¬ìš°ë‚˜ í•˜ëŠ” ì—¬ì,woman in steamy room,femme au hammam,mujer en una sauna
ğŸ§—,í´ë¼ì´ë°í•˜ëŠ” ì‚¬ëŒ,person climbing,personne qui grimpe,persona escalando
ğŸ§—â€â™‚,í´ë¼ì´ë°í•˜ëŠ” ë‚¨ì,man climbing,homme qui grimpe,hombre escalando
ğŸ§—â€â™€,í´ë¼ì´ë°í•˜ëŠ” ì—¬ì,woman climbing,femme qui grimpe,mujer escalando
ğŸ¤º,íœì‹±í•˜ëŠ” ì‚¬ëŒ,person fencing,escrimeur,esgrima
ğŸ‡,ìŠ¹ë§ˆ,horse racing,course hippique,carrera de caballos
â›·,ìŠ¤í‚¤ íƒ€ëŠ” ì‚¬ëŒ,skier,skieur,esquiador
ğŸ‚,ìŠ¤ë…¸ë³´ë“œ íƒ€ëŠ” ì‚¬ëŒ,snowboarder,snowboardeur,practicante de snowboard
ğŸŒ,ê³¨í”„ì¹˜ëŠ” ì‚¬ëŒ,person golfing,joueur de golf,golfista
ğŸŒâ€â™‚,ê³¨í”„ì¹˜ëŠ” ë‚¨ì,man golfing,golfeur,hombre jugando al golf
ğŸŒâ€â™€,ê³¨í”„ì¹˜ëŠ” ì—¬ì,woman golfing,golfeuse,mujer jugando al golf
ğŸ„,ì„œí•‘í•˜ëŠ” ì‚¬ëŒ,person surfing,personne faisant du surf,persona haciendo surf
ğŸ„â€â™‚,ì„œí•‘í•˜ëŠ” ë‚¨ì,man surfing,surfeur,hombre haciendo surf
ğŸ„â€â™€,ì„œí•‘í•˜ëŠ” ì—¬ì,woman surfing,surfeuse,mujer haciendo surf
ğŸš£,ë…¸ì “ëŠ” ì‚¬ëŒ,person rowing boat,personne ramant dans une barque,persona remando en un bote
ğŸš£â€â™‚,ë…¸ì “ëŠ” ë‚¨ì,man rowing boat,rameur dans une barque,hombre remando en un bote
ğŸš£â€â™€,ë…¸ì “ëŠ” ì—¬ì,woman rowing boat,rameuse dans une barque,mujer remando en un bote
ğŸŠ,ìˆ˜ì˜í•˜ëŠ” ì‚¬ëŒ,person swimming,personne nageant,persona nadando
ğŸŠâ€â™‚,ìˆ˜ì˜í•˜ëŠ” ë‚¨ì,man swimming,nageur,hombre nadando
ğŸŠâ€â™€,ìˆ˜ì˜í•˜ëŠ” ì—¬ì,woman swimming,nageuse,mujer nadando
â›¹,ê³µì„ ê°–ê³  ìˆëŠ” ì‚¬ëŒ,person bouncing ball,personne avec ballon,persona botando un balÃ³n
â›¹â€â™‚,ê³µ ê°€ì§„ ë‚¨ì,man bouncing ball,homme avec ballon,hombre botando un balÃ³n
â›¹â€â™€,ê³µ ê°€ì§„ ì—¬ì,woman bouncing ball,femme avec ballon,mujer botando un balÃ³n
ğŸ‹,ì—­ë„ ì„ ìˆ˜,person lifting weights,haltÃ©rophile,persona levantando pesas
ğŸ‹â€â™‚,ë‚¨ì ì—­ë„ ì„ ìˆ˜,man lifting weights,homme haltÃ©rophile,hombre levantando pesas
ğŸ‹â€â™€,ì—¬ì ì—­ë„ ì„ ìˆ˜,woman lifting weights,femme haltÃ©rophile,mujer levantando pesas
ğŸš´,ìì „ê±° íƒ€ëŠ” ì‚¬ëŒ,person biking,cycliste,persona en bicicleta
ğŸš´â€â™‚,ìì „ê±° íƒ€ëŠ” ë‚¨ì,man biking,cycliste homme,hombre en bicicleta
ğŸš´â€â™€,ìì „ê±° íƒ€ëŠ” ì—¬ì,woman biking,cycliste femme,mujer en bicicleta
ğŸšµ,ì‚°ì•… ìì „ê±° íƒ€ëŠ” ì‚¬ëŒ,person mountain biking,personne en VTT,persona en bicicleta de montaÃ±a
ğŸšµâ€â™‚,ì‚°ì•… ìì „ê±° íƒ€ëŠ” ë‚¨ì,man mountain biking,homme en VTT,hombre en bicicleta de montaÃ±a
ğŸšµâ€â™€,ì‚°ì•… ìì „ê±° íƒ€ëŠ” ì—¬ì,woman mountain biking,femme en VTT,mujer en bicicleta de montaÃ±a
ğŸ¤¸,ì˜†ëŒê¸°í•˜ëŠ” ì‚¬ëŒ,person cartwheeling,personne faisant la roue,persona haciendo voltereta lateral
ğŸ¤¸â€â™‚,ì˜†ëŒê¸°í•˜ëŠ” ë‚¨ì,man cartwheeling,homme faisant la roue,hombre haciendo una voltereta lateral
ğŸ¤¸â€â™€,ì˜†ëŒê¸°í•˜ëŠ” ì—¬ì,woman cartwheeling,femme faisant la roue,mujer haciendo voltereta lateral
ğŸ¤¼,ë ˆìŠ¬ë§í•˜ëŠ” ì‚¬ëŒ,people wrestling,personnes faisant de la lutte,personas luchando
ğŸ¤¼â€â™‚,ë ˆìŠ¬ë§í•˜ëŠ” ë‚¨ì,men wrestling,lutteurs,hombres luchando
ğŸ¤¼â€â™€,ë ˆìŠ¬ë§í•˜ëŠ” ì—¬ì,women wrestling,lutteuses,mujeres luchando
ğŸ¤½,ìˆ˜êµ¬í•˜ëŠ” ì‚¬ëŒ,person playing water polo,personne jouant au water-polo,persona jugando al waterpolo
ğŸ¤½â€â™‚,ìˆ˜êµ¬í•˜ëŠ” ë‚¨ì,man playing water polo,joueur de water-polo,hombre jugando al waterpolo
ğŸ¤½â€â™€,ìˆ˜êµ¬í•˜ëŠ” ì—¬ì,woman playing water polo,joueuse de water-polo,mujer jugando al waterpolo
ğŸ¤¾,í•¸ë“œë³¼í•˜ëŠ” ì‚¬ëŒ,person playing handball,personne jouant au handball,persona jugando al balonmano
ğŸ¤¾â€â™‚,í•¸ë“œë³¼í•˜ëŠ” ë‚¨ì,man playing handball,handballeur,hombre jugando al balonmano
ğŸ¤¾â€â™€,í•¸ë“œë³¼í•˜ëŠ” ì—¬ì,woman playing handball,handballeuse,mujer jugando al balonmano
ğŸ¤¹,ì €ê¸€ë§í•˜ëŠ” ì‚¬ëŒ,person juggling,personne qui jongle,persona haciendo malabares
ğŸ¤¹â€â™‚,ì €ê¸€ë§í•˜ëŠ” ë‚¨ì,man juggling,jongleur,hombre haciendo malabares
ğŸ¤¹â€â™€,ì €ê¸€ë§í•˜ëŠ” ì—¬ì,woman juggling,jongleuse,mujer haciendo malabares
ğŸ§˜,ê°€ë¶€ì¢Œí•œ ì‚¬ëŒ,person in lotus position,personne dans la posture du lotus,persona en posiciÃ³n de loto
ğŸ§˜â€â™‚,ê°€ë¶€ì¢Œí•œ ë‚¨ì,man in lotus position,homme dans la posture du lotus,hombre en posiciÃ³n de loto
ğŸ§˜â€â™€,ê°€ë¶€ì¢Œí•œ ì—¬ì,woman in lotus position,femme dans la posture du lotus,mujer en posiciÃ³n de loto
ğŸ›€,ëª©ìš•í•˜ëŠ” ì‚¬ëŒ,person taking bath,personne prenant un bain,persona en la baÃ±era
ğŸ›Œ,ì¹¨ëŒ€ì— ëˆ„ìš´ ì‚¬ëŒ,person in bed,personne au lit,persona en la cama
ğŸ§‘â€ğŸ¤â€ğŸ§‘,ì†ì„ ì¡ê³  ìˆëŠ” ë‘ ëª…ì˜ ì‚¬ëŒ,people holding hands,deux personnes se tenant la main,dos personas dÃ¡ndose la mano
ğŸ‘­,ì†ì„ ì¡ê³  ìˆëŠ” ë‘ ëª…ì˜ ì—¬ì,women holding hands,deux femmes se tenant la main,mujeres de la mano
ğŸ‘«,ì†ì„ ì¡ê³  ìˆëŠ” ë‚¨ë…€,woman and man holding hands,femme et homme se tenant la main,mujer y hombre de la mano
ğŸ‘¬,ì†ì„ ì¡ê³  ìˆëŠ” ë‘ ëª…ì˜ ë‚¨ì,men holding hands,deux hommes se tenant la main,hombres de la mano
ğŸ’,í‚¤ìŠ¤,kiss,bisou,beso
ğŸ’‘,ì—°ì¸,couple with heart,couple avec cÅ“ur,pareja enamorada
ğŸ‘ª,ê°€ì¡±,family,famille,familia
ğŸ—£,ë§í•˜ê³  ìˆëŠ” ì˜†ì–¼êµ´,speaking head,tÃªte qui parle,cabeza parlante
ğŸ‘¤,ì‚¬ëŒ ê·¸ë¦¼ì,bust in silhouette,silhouette de buste,silueta de busto
ğŸ‘¥,ì‚¬ëŒë“¤ ê·¸ë¦¼ì,busts in silhouette,silhouettes de bustes,dos siluetas de bustos
ğŸ‘£,ë°œìêµ­,footprints,traces de pas,huellas de pies
ğŸ¦°,ë¹¨ê°„ ë¨¸ë¦¬,red hair,cheveux roux,pelo pelirrojo
ğŸ¦±,ê³±ìŠ¬ë¨¸ë¦¬,curly hair,cheveux bouclÃ©s,pelo rizado
ğŸ¦³,ë°±ë°œ,white hair,cheveux blancs,pelo blanco
ğŸ¦²,ëŒ€ë¨¸ë¦¬,bald,chauve,sin pelo
ğŸµ,ì›ìˆ­ì´ ì–¼êµ´,monkey face,tÃªte de singe,cara de mono
ğŸ’,ì›ìˆ­ì´,monkey,singe,mono
ğŸ¦,ê³ ë¦´ë¼,gorilla,gorille,gorila
ğŸ¦§,ì˜¤ë‘ìš°íƒ„,orangutan,orang-outan,orangutÃ¡n
ğŸ¶,ê°•ì•„ì§€ ì–¼êµ´,dog face,tÃªte de chien,cara de perro
ğŸ•,ê°œ,dog,chien,perro
ğŸ¦®,ì•ˆë‚´ê²¬,guide dog,chien guide,perro guÃ­a
ğŸ•â€ğŸ¦º,ë³´ì¡°ê²¬,service dog,chien dâ€™assistance,perro de servicio
ğŸ©,í‘¸ë“¤,poodle,caniche,caniche
ğŸº,ëŠ‘ëŒ€ ì–¼êµ´,wolf,loup,lobo
ğŸ¦Š,ì—¬ìš° ì–¼êµ´,fox,renard,zorro
ğŸ¦,ë„ˆêµ¬ë¦¬,raccoon,raton laveur,mapache
ğŸ±,ê³ ì–‘ì´ ì–¼êµ´,cat face,tÃªte de chat,cara de gato
ğŸˆ,ê³ ì–‘ì´,cat,chat,gato
ğŸˆâ€â¬›,ê²€ì€ ê³ ì–‘ì´,black cat,chat noir,gato negro
ğŸ¦,ì‚¬ì ì–¼êµ´,lion,tÃªte de lion,leÃ³n
ğŸ¯,í˜¸ë‘ì´ ì–¼êµ´,tiger face,tÃªte de tigre,cara de tigre
ğŸ…,í˜¸ë‘ì´,tiger,tigre,tigre
ğŸ†,í‘œë²”,leopard,lÃ©opard,leopardo
ğŸ´,ë§ ì–¼êµ´,horse face,tÃªte de cheval,cara de caballo
ğŸ,ë§,horse,cheval,caballo
ğŸ¦„,ìœ ë‹ˆì½˜ ì–¼êµ´,unicorn,licorne,unicornio
ğŸ¦“,ì–¼ë£©ë§,zebra,zÃ¨bre,cebra
ğŸ¦Œ,ì‚¬ìŠ´,deer,cerf,ciervo
ğŸ®,ì†Œ ì–¼êµ´,cow face,tÃªte de vache,cara de vaca
ğŸ‚,ì†Œ,ox,bÅ“uf,buey
ğŸƒ,ë¬¼ì†Œ,water buffalo,buffle,bÃºfalo de agua
ğŸ„,ì –ì†Œ,cow,vache,vaca
ğŸ·,ë¼ì§€ ì–¼êµ´,pig face,tÃªte de cochon,cara de cerdo
ğŸ–,ë¼ì§€,pig,cochon,cerdo
ğŸ—,ë©§ë¼ì§€,boar,sanglier,jabalÃ­
ğŸ½,ë¼ì§€ì½”,pig nose,groin,nariz de cerdo
ğŸ,ìˆ«ì–‘,ram,bÃ©lier,carnero
ğŸ‘,ì–‘,ewe,mouton,oveja
ğŸ,ì—¼ì†Œ,goat,chÃ¨vre,cabra
ğŸª,ë‚™íƒ€,camel,dromadaire,dromedario
ğŸ«,ìŒë´‰ ë‚™íƒ€,two-hump camel,chameau,camello
ğŸ¦™,ë¼ë§ˆ,llama,lama,llama
ğŸ¦’,ê¸°ë¦°,giraffe,girafe,jirafa
ğŸ˜,ì½”ë¼ë¦¬,elephant,Ã©lÃ©phant,elefante
ğŸ¦,ì½”ë¿”ì†Œ,rhinoceros,rhinocÃ©ros,rinoceronte
ğŸ¦›,í•˜ë§ˆ,hippopotamus,hippopotame,hipopÃ³tamo
ğŸ­,ì¥ ì–¼êµ´,mouse face,tÃªte de souris,cara de ratÃ³n
ğŸ,ìƒì¥,mouse,souris,ratÃ³n
ğŸ€,ì¥,rat,rat,rata
ğŸ¹,í–„ìŠ¤í„° ì–¼êµ´,hamster,hamster,hÃ¡mster
ğŸ°,í† ë¼ ì–¼êµ´,rabbit face,tÃªte de lapin,cara de conejo
ğŸ‡,í† ë¼,rabbit,lapin,conejo
ğŸ¿,ì–¼ë£©ë‹¤ëŒì¥,chipmunk,Ã©cureuil,ardilla
ğŸ¦”,ê³ ìŠ´ë„ì¹˜,hedgehog,hÃ©risson,erizo
ğŸ¦‡,ë°•ì¥,bat,chauve-souris,murciÃ©lago
ğŸ»,ê³° ì–¼êµ´,bear,ours,oso
ğŸ»â€â„,ë¶ê·¹ê³°,polar bear,ours polaire,oso polar
ğŸ¨,ì½”ì•Œë¼,koala,koala,koala
ğŸ¼,íŒë‹¤ ì–¼êµ´,panda,panda,panda
ğŸ¦¥,ë‚˜ë¬´ëŠ˜ë³´,sloth,paresseux,perezoso
ğŸ¦¦,ìˆ˜ë‹¬,otter,loutre,nutria
ğŸ¦¨,ìŠ¤ì»¹í¬,skunk,mouffette,mofeta
ğŸ¦˜,ìº¥ê±°ë£¨,kangaroo,kangourou,canguro
ğŸ¦¡,ì˜¤ì†Œë¦¬,badger,blaireau,tejÃ³n
ğŸ¾,ê³°ë°œë°”ë‹¥,paw prints,empreintes dâ€™animaux,huellas de pezuÃ±as
ğŸ¦ƒ,ì¹ ë©´ì¡°,turkey,dindon,pavo
ğŸ”,ë‹­,chicken,poule,gallina
ğŸ“,ìˆ˜íƒ‰,rooster,coq,gallo
ğŸ£,ì•Œì—ì„œ ê¹¬ ë³‘ì•„ë¦¬,hatching chick,poussin qui Ã©clÃ´t,pollito rompiendo el cascarÃ³n
ğŸ¤,ë³‘ì•„ë¦¬,baby chick,poussin,pollito
ğŸ¥,ì •ë©´ì„ í–¥í•´ ë‚ ê°œë¥¼ í¸ ë³‘ì•„ë¦¬,front-facing baby chick,poussin de face,pollito de frente
ğŸ¦,ìƒˆ,bird,oiseau,pÃ¡jaro
ğŸ§,í­ê·„,penguin,pingouin,pingÃ¼ino
ğŸ•Š,ë¹„ë‘˜ê¸°,dove,colombe,paloma
ğŸ¦…,ë…ìˆ˜ë¦¬,eagle,aigle,Ã¡guila
ğŸ¦†,ì˜¤ë¦¬,duck,canard,pato
ğŸ¦¢,ë°±ì¡°,swan,cygne,cisne
ğŸ¦‰,ë¶€ì—‰ì´,owl,chouette,bÃºho
ğŸ¦©,í™í•™,flamingo,flamant,flamenco
ğŸ¦š,ê³µì‘,peacock,paon,pavo real
ğŸ¦œ,ì•µë¬´ìƒˆ,parrot,perroquet,loro
ğŸ¸,ê°œêµ¬ë¦¬ ì–¼êµ´,frog,grenouille,rana
ğŸŠ,ì•…ì–´,crocodile,crocodile,cocodrilo
ğŸ¢,ê±°ë¶ì´,turtle,tortue,tortuga
ğŸ¦,ë„ë§ˆë±€,lizard,lÃ©zard,lagarto
ğŸ,ë±€,snake,serpent,serpiente
ğŸ²,ìš© ì–¼êµ´,dragon face,tÃªte de dragon,cara de dragÃ³n
ğŸ‰,ìš©,dragon,dragon,dragÃ³n
ğŸ¦•,ì´ˆì‹ ê³µë£¡,sauropod,sauropode,saurÃ³podo
ğŸ¦–,í‹°ë¼ë…¸ì‚¬ìš°ë£¨ìŠ¤,T-Rex,T-Rex,t-rex
ğŸ³,ë¬¼ ë¿œëŠ” ê³ ë˜,spouting whale,baleine soufflant par son Ã©vent,ballena soltando un chorro
ğŸ‹,ê³ ë˜,whale,baleine,ballena
ğŸ¬,ëŒê³ ë˜,dolphin,dauphin,delfÃ­n
ğŸŸ,ë¬¼ê³ ê¸°,fish,poisson,pez
ğŸ ,ì—´ëŒ€ì–´,tropical fish,poisson tropical,pez tropical
ğŸ¡,ë³µì–´,blowfish,poisson-lune,pez globo
ğŸ¦ˆ,ìƒì–´,shark,requin,tiburÃ³n
ğŸ™,ë¬¸ì–´,octopus,pieuvre,pulpo
ğŸš,ë‹¬íŒ½ì´ì§‘,spiral shell,coquille en spirale,concha de mar
ğŸŒ,ë‹¬íŒ½ì´,snail,escargot,caracol
ğŸ¦‹,ë‚˜ë¹„,butterfly,papillon,mariposa
ğŸ›,ì†¡ì¶©ì´,bug,chenille,insecto
ğŸœ,ê°œë¯¸,ant,fourmi,hormiga
ğŸ,ê¿€ë²Œ,honeybee,abeille,abeja
ğŸ,ë¬´ë‹¹ë²Œë ˆ,lady beetle,coccinelle,mariquita
ğŸ¦—,ê·€ëšœë¼ë¯¸,cricket,criquet,grillo
ğŸ•·,ê±°ë¯¸,spider,araignÃ©e,araÃ±a
ğŸ•¸,ê±°ë¯¸ì¤„,spider web,toile dâ€™araignÃ©e,tela de araÃ±a
ğŸ¦‚,ì „ê°ˆ,scorpion,scorpion,escorpiÃ³n
ğŸ¦Ÿ,ëª¨ê¸°,mosquito,moustique,mosquito
ğŸ¦ ,ë¯¸ìƒë¬¼,microbe,microbe,microbio
ğŸ’,ê½ƒë‹¤ë°œ,bouquet,bouquet,ramo de flores
ğŸŒ¸,ë²šê½ƒ,cherry blossom,fleur de cerisier,flor de cerezo
ğŸ’®,í° ê½ƒ,white flower,fleur blanche,flor blanca
ğŸµ,ì¥ë¯¸,rosette,rosette,roseta
ğŸŒ¹,ì¥ë¯¸ê½ƒ,rose,rose,rosa
ğŸ¥€,ì‹œë“  ê½ƒ,wilted flower,fleur fanÃ©e,flor marchita
ğŸŒº,ë¬´ê¶í™”,hibiscus,hibiscus,flor de hibisco
ğŸŒ»,í•´ë°”ë¼ê¸°,sunflower,tournesol,girasol
ğŸŒ¼,ê½ƒì†¡ì´,blossom,bourgeon,flor
ğŸŒ·,íŠ¤ë¦½,tulip,tulipe,tulipÃ¡n
ğŸŒ±,ìƒˆì‹¹,seedling,jeune pousse,planta joven
ğŸŒ²,ì†Œë‚˜ë¬´,evergreen tree,conifÃ¨re,Ã¡rbol de hoja perenne
ğŸŒ³,ë‚˜ë¬´,deciduous tree,arbre Ã  feuilles caduques,Ã¡rbol de hoja caduca
ğŸŒ´,ì•¼ììˆ˜,palm tree,palmier,palmera
ğŸŒµ,ì„ ì¸ì¥,cactus,cactus,cactus
ğŸŒ¾,ë²¼,sheaf of rice,plant de riz,espiga de arroz
ğŸŒ¿,í’€,herb,feuille,hierba
â˜˜,í† ë¼í’€,shamrock,trÃ¨fle,trÃ©bol
ğŸ€,ë„¤ìí´ë¡œë²„,four leaf clover,trÃ¨fle Ã  quatre feuilles,trÃ©bol de cuatro hojas
ğŸ,ë‹¨í’ì,maple leaf,feuille dâ€™Ã©rable,hoja de arce
ğŸ‚,ë‚™ì—½,fallen leaf,feuille morte,hojas caÃ­das
ğŸƒ,ë°”ëŒì— í”ë“¤ë¦¬ëŠ” ë‚˜ë­‡ì,leaf fluttering in wind,feuille virevoltante,hojas revoloteando al viento
ğŸ‡,í¬ë„,grapes,raisin,uvas
ğŸˆ,ë©œë¡ ,melon,melon,melÃ³n
ğŸ‰,ìˆ˜ë°•,watermelon,pastÃ¨que,sandÃ­a
ğŸŠ,ê·¤,tangerine,mandarine,mandarina
ğŸ‹,ë ˆëª¬,lemon,citron,limÃ³n
ğŸŒ,ë°”ë‚˜ë‚˜,banana,banane,plÃ¡tano
ğŸ,íŒŒì¸ì• í”Œ,pineapple,ananas,piÃ±a
ğŸ¥­,ë§ê³ ,mango,mangue,mango
ğŸ,ë¹¨ê°„ ì‚¬ê³¼,red apple,pomme rouge,manzana roja
ğŸ,ì´ˆë¡ ì‚¬ê³¼,green apple,pomme verte,manzana verde
ğŸ,ë°°,pear,poire,pera
ğŸ‘,ë³µìˆ­ì•„,peach,pÃªche,melocotÃ³n
ğŸ’,ì²´ë¦¬,cherries,cerises,cerezas
ğŸ“,ë”¸ê¸°,strawberry,fraise,fresa
ğŸ¥,í‚¤ìœ„,kiwi fruit,kiwi,kiwi
ğŸ…,í† ë§ˆí† ,tomato,tomate,tomate
ğŸ¥¥,ì½”ì½”ë„›,coconut,noix de coco,coco
ğŸ¥‘,ì•„ë³´ì¹´ë„,avocado,avocat,aguacate
ğŸ†,ê°€ì§€,eggplant,aubergine,berenjena
ğŸ¥”,ê°ì,potato,pomme de terre,patata
ğŸ¥•,ë‹¹ê·¼,carrot,carotte,zanahoria
ğŸŒ½,ì˜¥ìˆ˜ìˆ˜,ear of corn,Ã©pi de maÃ¯s,espiga de maÃ­z
ğŸŒ¶,í™ê³ ì¶”,hot pepper,piment rouge,chile picante
ğŸ¥’,ì˜¤ì´,cucumber,concombre,pepino
ğŸ¥¬,ë…¹ìƒ‰ ì±„ì†Œ,leafy green,lÃ©gume Ã  feuilles vertes,verdura de hoja verde
ğŸ¥¦,ë¸Œë¡œì½œë¦¬,broccoli,broccoli,brÃ³coli
ğŸ§„,ë§ˆëŠ˜,garlic,ail,ajo
ğŸ§…,ì–‘íŒŒ,onion,oignon,cebolla
ğŸ„,ë²„ì„¯,mushroom,champignon,champiÃ±Ã³n
ğŸ¥œ,ë•…ì½©,peanuts,cacahuÃ¨tes,cacahuetes
ğŸŒ°,ë°¤,chestnut,chÃ¢taigne,castaÃ±a
ğŸ,ë¹µ,bread,pain,pan de molde
ğŸ¥,í¬ë£¨ì•„ìƒ,croissant,croissant,cruasÃ¡n
ğŸ¥–,ë°”ê²ŒíŠ¸,baguette bread,baguette,baguete
ğŸ¥¨,í”„ë ˆì²¼,pretzel,bretzel,bretzel
ğŸ¥¯,ë² ì´ê¸€,bagel,bagel,bagel
ğŸ¥,íŒ¬ì¼€ì´í¬,pancakes,pancakes,tortitas
ğŸ§‡,ì™€í”Œ,waffle,gaufre,gofre
ğŸ§€,ì¹˜ì¦ˆ ì¡°ê°,cheese wedge,part de fromage,cuÃ±a de queso
ğŸ–,ê³ ê¸°,meat on bone,viande sur un os,carne con hueso
ğŸ—,ë‹­ë‹¤ë¦¬,poultry leg,cuisse de poulet,muslo de pollo
ğŸ¥©,ê³ ê¹ƒë©ì´,cut of meat,morceau de viande,corte de carne
ğŸ¥“,ë² ì´ì»¨,bacon,lard,beicon
ğŸ”,í–„ë²„ê±°,hamburger,hamburger,hamburguesa
ğŸŸ,ê°ìíŠ€ê¹€,french fries,frites,patatas fritas
ğŸ•,í”¼ì,pizza,pizza,pizza
ğŸŒ­,í•«ë„ê·¸,hot dog,hot dog,perrito caliente
ğŸ¥ª,ìƒŒë“œìœ„ì¹˜,sandwich,sandwich,sÃ¡ndwich
ğŸŒ®,íƒ€ì½”,taco,taco,taco
ğŸŒ¯,ë¶€ë¦¬ë˜,burrito,burrito,burrito
ğŸ¥™,ë°€ì „ë³‘ì— ì‹¼ ìš”ë¦¬,stuffed flatbread,kebab,pan relleno
ğŸ§†,íŒ”ë¼í ,falafel,falafels,falafel
ğŸ¥š,ë‹¬ê±€,egg,Å“uf,huevo
ğŸ³,í”„ë¼ì´íŒ¬,cooking,Å“uf au plat,cocinar
ğŸ¥˜,ë‚©ì‘í•œ ëƒ„ë¹„,shallow pan of food,plat mitonnÃ©,paella
ğŸ²,êµ­,pot of food,marmite,olla de comida
ğŸ¥£,ìŠ¤í‘¼ê³¼ ì‚¬ë°œ,bowl with spoon,bol avec cuillÃ¨re,cuenco con cuchara
ğŸ¥—,ì•¼ì±„ìƒëŸ¬ë“œ,green salad,salade verte,ensalada
ğŸ¿,íŒì½˜,popcorn,pop-corn,palomitas
ğŸ§ˆ,ë²„í„°,butter,beurre,mantequilla
ğŸ§‚,ì†Œê¸ˆ,salt,sel,sal
ğŸ¥«,í†µì¡°ë¦¼,canned food,aliments en conserve,comida enlatada
ğŸ±,ë„ì‹œë½,bento box,boÃ®te dÃ©jeuner,caja de bento
ğŸ˜,ì£¼ë¨¹ë°¥,rice cracker,galette de riz,galleta de arroz
ğŸ™,ì‚¼ê° ê¹€ë°¥,rice ball,boulette de riz,bola de arroz
ğŸš,ë°¥,cooked rice,bol de riz,arroz cocido
ğŸ›,ì¹´ë ˆë¼ì´ìŠ¤,curry rice,riz au curry,arroz con curry
ğŸœ,êµ­ìˆ˜,steaming bowl,bol fumant,tazÃ³n de fideos
ğŸ,ìŠ¤íŒŒê²Œí‹°,spaghetti,spaghetti,espagueti
ğŸ ,ê³ êµ¬ë§ˆ,roasted sweet potato,patate douce,patata asada
ğŸ¢,ì˜¤ë…,oden,brochette de poisson,brocheta
ğŸ£,ì´ˆë°¥,sushi,sushi,sushi
ğŸ¤,ìƒˆìš°íŠ€ê¹€,fried shrimp,beignet de crevette,gamba frita
ğŸ¥,ì–´ë¬µ,fish cake with swirl,croquette de poisson,pastel de pescado japonÃ©s
ğŸ¥®,ì›”ë³‘,moon cake,gÃ¢teau de lune,pastel de luna
ğŸ¡,ë–¡ê¼¬ì¹˜,dango,brochette de bonbons,dango
ğŸ¥Ÿ,ë§Œë‘,dumpling,boulette de pÃ¢te,dumpling
ğŸ¥ ,í¬ì¸ˆ ì¿ í‚¤,fortune cookie,biscuit chinois,galleta de la fortuna
ğŸ¥¡,í…Œì´í¬ì•„ì›ƒ ìƒì,takeout box,boÃ®te Ã  emporter,caja para llevar
ğŸ¦€,ê½ƒê²Œ,crab,crabe,cangrejo
ğŸ¦,ë°”ë‹·ê°€ì¬,lobster,homard,langosta
ğŸ¦,ìƒˆìš°,shrimp,crevette,gamba
ğŸ¦‘,ì˜¤ì§•ì–´,squid,calamar,calamar
ğŸ¦ª,êµ´,oyster,huÃ®tre,ostra
ğŸ¦,ì†Œí”„íŠ¸ ì•„ì´ìŠ¤í¬ë¦¼,soft ice cream,glace italienne,cucurucho de helado
ğŸ§,ìƒ¤ë² íŠ¸ ì•„ì´ìŠ¤í¬ë¦¼,shaved ice,granitÃ©,granizado hawaiano
ğŸ¨,ì•„ì´ìŠ¤í¬ë¦¼,ice cream,glace,helado
ğŸ©,ë„ë„›,doughnut,doughnut,dÃ³nut
ğŸª,ì¿ í‚¤,cookie,cookie,galleta
ğŸ‚,ìƒì¼ ì¼€ì´í¬,birthday cake,gÃ¢teau dâ€™anniversaire,tarta de cumpleaÃ±os
ğŸ°,ì¡°ê° ì¼€ìµ,shortcake,gÃ¢teau sablÃ©,trozo de tarta
ğŸ§,ì»µì¼€ì´í¬,cupcake,cupcake,magdalena
ğŸ¥§,íŒŒì´,pie,tarte,pastel
ğŸ«,ì´ˆì½œë ›,chocolate bar,barre chocolatÃ©e,tableta de chocolate
ğŸ¬,ì‚¬íƒ•,candy,bonbon,caramelo
ğŸ­,ë¡¤ë¦¬íŒ,lollipop,sucette,piruleta
ğŸ®,ì»¤ìŠ¤íƒ€ë“œ í‘¸ë”©,custard,crÃ¨me renversÃ©e,flan
ğŸ¯,ê¿€,honey pot,pot de miel,tarro de miel
ğŸ¼,ì –ë³‘,baby bottle,biberon,biberÃ³n
ğŸ¥›,ìš°ìœ  í•œì”,glass of milk,verre de lait,vaso de leche
â˜•,ëœ¨ê±°ìš´ ìŒë£Œ,hot beverage,boisson chaude,bebida caliente
ğŸµ,ì°¨,teacup without handle,tasse,tazÃ³n de tÃ©
ğŸ¶,ì‚¬ì¼€,sake,sakÃ©,sake
ğŸ¾,ì½”ë¥´í¬ê°€ íŠ€ì–´ë‚˜ì˜¤ê³  ìˆëŠ” ë³‘,bottle with popping cork,bouteille de champagne,botella descorchada
ğŸ·,ì™€ì¸ì”,wine glass,verre de vin,copa de vino
ğŸ¸,ì¹µí…Œì¼,cocktail glass,cocktail,copa de cÃ³ctel
ğŸ¹,ìŒë£Œìˆ˜,tropical drink,cocktail tropical,bebida tropical
ğŸº,ë§¥ì£¼ì”,beer mug,chope,jarra de cerveza
ğŸ»,ë§¥ì£¼,clinking beer mugs,chopes de biÃ¨re,jarras de cerveza brindando
ğŸ¥‚,ê±´ë°°í•˜ëŠ” ìƒ´í˜ì¸ ì”,clinking glasses,trinquer,copas brindando
ğŸ¥ƒ,ì–‘ì£¼ì”,tumbler glass,verre tumbler,vaso de whisky
ğŸ¥¤,ë¹¨ëŒ€ì™€ ì»µ,cup with straw,gobelet avec paille,vaso con pajita
ğŸ§ƒ,ìŒë£Œ íŒ©,beverage box,briquette de jus,tetrabrik
ğŸ§‰,ë§ˆí…Œì°¨,mate,matÃ©,mate
ğŸ§Š,ì–¼ìŒ,ice,glaÃ§on,cubito de hielo
ğŸ¥¢,ì “ê°€ë½,chopsticks,baguettes,palillos
ğŸ½,í¬í¬ì™€ ë‚˜ì´í”„ê°€ ìˆëŠ” ì ‘ì‹œ,fork and knife with plate,fourchette et couteau avec assiette,cuchillo y tenedor con un plato
ğŸ´,í¬í¬ì™€ ë‚˜ì´í”„,fork and knife,fourchette et couteau,tenedor y cuchillo
ğŸ¥„,ìˆŸê°€ë½,spoon,cuillÃ¨re,cuchara
ğŸ”ª,ì‹ì¹¼,kitchen knife,couteau de cuisine,cuchillo de cocina
ğŸº,ì•”í¬ë¼,amphora,amphore,Ã¡nfora
ğŸŒ,ìœ ëŸ½ê³¼ ì•„í”„ë¦¬ì¹´ê°€ ë³´ì´ëŠ” ì§€êµ¬,globe showing Europe-Africa,globe tournÃ© sur lâ€™Afrique et lâ€™Europe,globo terrÃ¡queo mostrando Europa y Ãfrica
ğŸŒ,ë¯¸êµ­ì´ ë³´ì´ëŠ” ì§€êµ¬,globe showing Americas,globe tournÃ© sur les AmÃ©riques,globo terrÃ¡queo mostrando AmÃ©rica
ğŸŒ,ì•„ì‹œì•„ì™€ í˜¸ì£¼ê°€ ë³´ì´ëŠ” ì§€êµ¬,globe showing Asia-Australia,globe tournÃ© sur lâ€™Asie et lâ€™Australie,globo terrÃ¡queo mostrando Asia y Australia
ğŸŒ,ìì˜¤ì„  ì§€êµ¬,globe with meridians,globe avec mÃ©ridiens,globo terrÃ¡queo con meridianos
ğŸ—º,ì„¸ê³„ ì§€ë„,world map,carte du monde,mapa mundial
ğŸ—¾,ì¼ë³¸ ì§€ë„,map of Japan,carte du Japon,mapa de JapÃ³n
ğŸ§­,ë‚˜ì¹¨ë°˜,compass,boussole,brÃºjula
ğŸ”,ëˆˆ ë®ì¸ ì‚°,snow-capped mountain,montagne enneigÃ©e,montaÃ±a con nieve
â›°,ì‚°,mountain,montagne,montaÃ±a
ğŸŒ‹,í™”ì‚°,volcano,volcan,volcÃ¡n
ğŸ—»,í›„ì§€ì‚°,mount fuji,mont Fuji,monte Fuji
ğŸ•,ìº í•‘,camping,camping,camping
ğŸ–,íŒŒë¼ì†”ì´ ìˆëŠ” í•´ë³€,beach with umbrella,plage avec parasol,playa y sombrilla
ğŸœ,ì‚¬ë§‰,desert,dÃ©sert,desierto
ğŸ,ì‚¬ë§‰ ì„¬,desert island,Ã®le dÃ©serte,isla desierta
ğŸ,êµ­ë¦½ê³µì›,national park,parc national,parque nacional
ğŸŸ,ê²½ê¸°ì¥,stadium,stade,estadio
ğŸ›,ê³ ì „ ì–‘ì‹ì˜ ê±´ì¶•ë¬¼,classical building,monument classique,edificio clÃ¡sico
ğŸ—,ê±´ë¬¼ ê³µì‚¬,building construction,construction dâ€™un bÃ¢timent,construcciÃ³n
ğŸ§±,ë²½ëŒ,brick,brique,ladrillo
ğŸ˜,ì£¼íƒ ê±´ë¬¼,houses,maisons,casas
ğŸš,ë‚¡ì€ ì£¼íƒ ê±´ë¬¼,derelict house,maison abandonnÃ©e,casa abandonada
ğŸ ,ì§‘,house,pavillon,casa
ğŸ¡,ì •ì›ì´ ìˆëŠ” ì§‘,house with garden,maison avec jardin,casa con jardÃ­n
ğŸ¢,ë¹Œë”©,office building,immeuble de bureaux,edificio de oficinas
ğŸ£,ì¼ë³¸ ìš°ì²´êµ­,Japanese post office,bureau de poste japonais,oficina de correos japonesa
ğŸ¤,ìš°ì²´êµ­,post office,bureau de poste,oficina de correos europea
ğŸ¥,ë³‘ì›,hospital,hÃ´pital,hospital
ğŸ¦,ì€í–‰,bank,banque,banco
ğŸ¨,í˜¸í…”,hotel,hÃ´tel,hotel
ğŸ©,ëª¨í…”,love hotel,love hotel,hotel del amor
ğŸª,í¸ì˜ì ,convenience store,supÃ©rette,tienda 24 horas
ğŸ«,í•™êµ,school,Ã©cole,edificio de colegio
ğŸ¬,ë°±í™”ì ,department store,grand magasin,grandes almacenes
ğŸ­,ê³µì¥,factory,usine,fÃ¡brica
ğŸ¯,ì¼ë³¸ ì„±,Japanese castle,chÃ¢teau japonais,castillo japonÃ©s
ğŸ°,ìœ ëŸ½ ì„±,castle,chÃ¢teau,castillo europeo
ğŸ’’,ê²°í˜¼ì‹,wedding,mariage,iglesia celebrando boda
ğŸ—¼,ë„ì¿„ íƒ€ì›Œ,Tokyo tower,tour de Tokyo,Torre de Tokio
ğŸ—½,ììœ ì˜ ì—¬ì‹ ìƒ,Statue of Liberty,statue de la LibertÃ©,Estatua de la Libertad
â›ª,êµíšŒ,church,Ã©glise,iglesia
ğŸ•Œ,ëª¨ìŠ¤í¬,mosque,mosquÃ©e,mezquita
ğŸ›•,íŒë‘êµ ì‚¬ì›,hindu temple,temple hindou,templo hindÃº
ğŸ•,ì‹œë‚˜ê³ ê·¸,synagogue,synagogue,sinagoga
â›©,ì‹ í†  ì‹ ì‚¬,shinto shrine,sanctuaire shinto,santuario sintoÃ­sta
ğŸ•‹,ì¹´ë°”,kaaba,kaaba,Kaaba
â›²,ë¶„ìˆ˜,fountain,fontaine,fuente
â›º,í…íŠ¸,tent,tente,tienda de campaÃ±a
ğŸŒ,ììš±í•œ ì•ˆê°œ,foggy,brume,bruma
ğŸŒƒ,ë°¤í•˜ëŠ˜ ë³„,night with stars,nuit Ã©toilÃ©e,noche estrellada
ğŸ™,ë„ì‹œ ì „ê²½,cityscape,ville,paisaje urbano
ğŸŒ„,ì‚°ì—ì„œ ë– ì˜¤ë¥´ëŠ” í•´,sunrise over mountains,soleil levant derriÃ¨re les montagnes,amanecer sobre montaÃ±as
ğŸŒ…,ì¼ì¶œ,sunrise,soleil levant,amanecer
ğŸŒ†,ë„ì‹œ ì•¼ê²½,cityscape at dusk,ville au crÃ©puscule,ciudad al atardecer
ğŸŒ‡,ì¼ëª°,sunset,coucher de soleil,puesta del sol
ğŸŒ‰,ë°¤í•˜ëŠ˜ì„ ë°°ê²½ìœ¼ë¡œ í•˜ëŠ” ë‹¤ë¦¬,bridge at night,pont de nuit,puente de noche
â™¨,ì˜¨ì²œ,hot springs,sources chaudes,aguas termales
ğŸ ,íšŒì „ ëª©ë§ˆ,carousel horse,cheval de manÃ¨ge,caballo de tiovivo
ğŸ¡,ê´€ëŒì°¨,ferris wheel,grande roue,noria de feria
ğŸ¢,ë¡¤ëŸ¬ì½”ìŠ¤í„°,roller coaster,montagnes russes,montaÃ±a rusa
ğŸ’ˆ,ì´ë°œì†Œ,barber pole,enseigne de barbier,poste de barbero
ğŸª,ì„œì»¤ìŠ¤,circus tent,chapiteau,carpa de circo
ğŸš‚,ê¸°ê´€ì°¨,locomotive,locomotive,locomotora de vapor
ğŸšƒ,ì „ì² ,railway car,wagon,vagÃ³n
ğŸš„,ê³ ì†ì—´ì°¨,high-speed train,TGV,tren de alta velocidad
ğŸš…,ê³ ì†ì² ,bullet train,train Ã  grande vitesse,tren bala
ğŸš†,ê¸°ì°¨,train,train,tren
ğŸš‡,ì§€í•˜ì² ,metro,mÃ©tro,metro
ğŸšˆ,ê²½ì „ì² ,light rail,mÃ©tro lÃ©ger,tren ligero
ğŸš‰,ê¸°ì°¨ì—­,station,gare,estaciÃ³n de tren
ğŸšŠ,íŠ¸ë¨,tram,tramway,tranvÃ­a
ğŸš,ëª¨ë…¸ë ˆì¼,monorail,monorail,monorraÃ­l
ğŸš,ê¸°ì°¨ í„°ë„,mountain railway,train de montagne,ferrocarril de montaÃ±a
ğŸš‹,íŠ¸ë¨ ì°¨ëŸ‰,tram car,wagon de tramway,vagÃ³n de tranvÃ­a
ğŸšŒ,ë²„ìŠ¤,bus,bus,autobÃºs
ğŸš,ì˜¤ê³  ìˆëŠ” ë²„ìŠ¤,oncoming bus,bus de face,autobÃºs prÃ³ximo
ğŸš,íŠ¸ë¡¤ë¦¬ ë²„ìŠ¤,trolleybus,trolleybus,trolebÃºs
ğŸš,ë¯¸ë‹ˆë²„ìŠ¤,minibus,minibus,minibÃºs
ğŸš‘,êµ¬ê¸‰ì°¨,ambulance,ambulance,ambulancia
ğŸš’,ì†Œë°©ì°¨,fire engine,camion de pompier,coche de bomberos
ğŸš“,ê²½ì°°ì°¨,police car,voiture de police,coche de policÃ­a
ğŸš”,ì˜¤ê³  ìˆëŠ” ê²½ì°°ì°¨,oncoming police car,voiture de police de face,coche de policÃ­a prÃ³ximo
ğŸš•,íƒì‹œ,taxi,taxi,taxi
ğŸš–,ì˜¤ê³  ìˆëŠ” íƒì‹œ,oncoming taxi,taxi de face,taxi prÃ³ximo
ğŸš—,ìë™ì°¨,automobile,voiture,coche
ğŸš˜,ì˜¤ê³  ìˆëŠ” ìë™ì°¨,oncoming automobile,voiture de face,coche prÃ³ximo
ğŸš™,ì§€í”„,sport utility vehicle,vÃ©hicule utilitaire sport,vehÃ­culo deportivo utilitario
ğŸšš,ìš´ì†¡ íŠ¸ëŸ­,delivery truck,camion de livraison,camiÃ³n de reparto
ğŸš›,íŠ¸ë ˆì¼ëŸ¬ íŠ¸ëŸ­,articulated lorry,semi-remorque,camiÃ³n articulado
ğŸšœ,íŠ¸ë™í„°,tractor,tracteur,tractor
ğŸ,ê²½ì£¼ìš© ìë™ì°¨,racing car,voiture de course,coche de carreras
ğŸ,ì˜¤í† ë°”ì´,motorcycle,moto,moto
ğŸ›µ,ìŠ¤ì¿ í„°,motor scooter,scooter,scooter
ğŸ¦½,ìˆ˜ë™ íœ ì²´ì–´,manual wheelchair,fauteuil roulant manuel,silla de ruedas manual
ğŸ¦¼,ì „ë™ íœ ì²´ì–´,motorized wheelchair,fauteuil motorisÃ©,silla de ruedas elÃ©ctrica
ğŸ›º,ê²½ì‚¼ë¥œì°¨,auto rickshaw,tuk tuk,mototaxi
ğŸš²,ìì „ê±°,bicycle,vÃ©lo,bicicleta
ğŸ›´,í‚¥ë³´ë“œ,kick scooter,trottinette,patinete
ğŸ›¹,ìŠ¤ì¼€ì´íŠ¸ë³´ë“œ,skateboard,planche Ã  roulettes,monopatÃ­n
ğŸš,ë²„ìŠ¤ ì •ë¥˜ì¥,bus stop,arrÃªt de bus,parada de autobÃºs
ğŸ›£,ê³ ì†ë„ë¡œ,motorway,autoroute,autopista
ğŸ›¤,ì² ë„ ì„ ë¡œ,railway track,voie ferrÃ©e,vÃ­a de tren
ğŸ›¢,ê¸°ë¦„í†µ,oil drum,baril de pÃ©trole,barril de petrÃ³leo
â›½,ì£¼ìœ ì†Œ,fuel pump,pompe Ã  essence,surtidor de gasolina
ğŸš¨,ì‚¬ì´ë Œ,police car light,gyrophare,luces de policÃ­a
ğŸš¥,ê°€ë¡œ ì‹ í˜¸ë“±,horizontal traffic light,feu tricolore horizontal,semÃ¡foro horizontal
ğŸš¦,ì„¸ë¡œ ì‹ í˜¸ë“±,vertical traffic light,feu tricolore vertical,semÃ¡foro
ğŸ›‘,ë©ˆì¶¤ í‘œì‹œ,stop sign,stop,seÃ±al de stop
ğŸš§,ê³µì‚¬ ì¤‘,construction,travaux,obras
âš“,ë‹»,anchor,ancre,ancla
â›µ,ë›ë‹¨ë°°,sailboat,voilier,barco de vela
ğŸ›¶,ì¹´ëˆ„,canoe,canoÃ«,canoa
ğŸš¤,ì¾Œì†ì •,speedboat,hors-bord,lancha motora
ğŸ›³,ì—¬ê°ì„ ,passenger ship,paquebot,barco de pasajeros
â›´,í˜ë¦¬,ferry,ferry,ferri
ğŸ›¥,ëª¨í„°ë³´íŠ¸,motor boat,bateau Ã  moteur,barco a motor
ğŸš¢,ì„ ë°•,ship,navire,barco
âœˆ,ë¹„í–‰ê¸°,airplane,avion,aviÃ³n
ğŸ›©,ê²½ë¹„í–‰ê¸°,small airplane,petit avion,avioneta
ğŸ›«,ë¹„í–‰ê¸° ì´ë¥™,airplane departure,avion au dÃ©collage,aviÃ³n despegando
ğŸ›¬,ë¹„í–‰ê¸° ì°©ë¥™,airplane arrival,avion Ã  lâ€™atterrissage,aviÃ³n aterrizando
ğŸª‚,ë‚™í•˜ì‚°,parachute,parachute,paracaÃ­das
ğŸ’º,ì¢Œì„,seat,siÃ¨ge,asiento de transporte
ğŸš,í—¬ë¦¬ì½¥í„°,helicopter,hÃ©licoptÃ¨re,helicÃ³ptero
ğŸšŸ,ë§¤ë‹¬ë¦° ì¼€ì´ë¸”ì¹´,suspension railway,train suspendu,ferrocarril de suspensiÃ³n
ğŸš ,ì‚°ì•… ì¼€ì´ë¸”ì¹´,mountain cableway,tÃ©lÃ©phÃ©rique,telefÃ©rico de montaÃ±a
ğŸš¡,ì¼€ì´ë¸”ì¹´,aerial tramway,tramway aÃ©rien,telefÃ©rico
ğŸ›°,ì¸ê³µìœ„ì„±,satellite,satellite,satÃ©lite
ğŸš€,ë¡œì¼“,rocket,fusÃ©e,cohete
ğŸ›¸,ë¹„í–‰ì ‘ì‹œ,flying saucer,soucoupe volante,platillo volante
ğŸ›,í˜¸ì¶œ ë²¨,bellhop bell,cloche de comptoir,timbre de hotel
ğŸ§³,ì—¬í–‰ìš© ê°€ë°©,luggage,bagage,equipaje
âŒ›,ì‹œê°„ì´ ë‹¤ ëœ ëª¨ë˜ì‹œê³„,hourglass done,sablier,reloj de arena sin tiempo
â³,ì‹œê°„ì´ ë‚¨ì€ ëª¨ë˜ì‹œê³„,hourglass not done,sablier avec sable qui coule,reloj de arena con tiempo
âŒš,ì‹œê³„,watch,montre,reloj
â°,ì•ŒëŒ ì‹œê³„,alarm clock,rÃ©veil,reloj despertador
â±,ìŠ¤í†±ì›Œì¹˜,stopwatch,chronomÃ¨tre,cronÃ³metro
â²,íƒ€ì´ë¨¸ ì‹œê³„,timer clock,horloge,temporizador
ğŸ•°,ë²½ë‚œë¡œ ì„ ë°˜ ì‹œê³„,mantelpiece clock,pendule,reloj de sobremesa
ğŸ•›,ì—´ë‘ ì‹œ,twelve oâ€™clock,midi/minuit,12 en punto
ğŸ•§,ì—´ë‘ ì‹œ ë°˜,twelve-thirty,midi/minuit et demie,doce y media
ğŸ•,í•œ ì‹œ,one oâ€™clock,une heure,1 en punto
ğŸ•œ,í•œ ì‹œ ë°˜,one-thirty,une heure et demie,una y media
ğŸ•‘,ë‘ ì‹œ,two oâ€™clock,deux heures,2 en punto
ğŸ•,ë‘ ì‹œ ë°˜,two-thirty,deux heures et demie,dos y media
ğŸ•’,ì„¸ ì‹œ,three oâ€™clock,trois heures,3 en punto
ğŸ•,ì„¸ ì‹œ ë°˜,three-thirty,trois heures et demie,tres y media
ğŸ•“,ë„¤ ì‹œ,four oâ€™clock,quatre heures,4 en punto
ğŸ•Ÿ,ë„¤ ì‹œ ë°˜,four-thirty,quatre heures et demie,cuatro y media
ğŸ•”,ë‹¤ì„¯ ì‹œ,five oâ€™clock,cinq heures,5 en punto
ğŸ• ,ë‹¤ì„¯ ì‹œ ë°˜,five-thirty,cinq heures et demie,cinco y media
ğŸ••,ì—¬ì„¯ ì‹œ,six oâ€™clock,six heures,6 en punto
ğŸ•¡,ì—¬ì„¯ ì‹œ ë°˜,six-thirty,six heures et demie,seis y media
ğŸ•–,ì¼ê³± ì‹œ,seven oâ€™clock,sept heures,7 en punto
ğŸ•¢,ì¼ê³± ì‹œ ë°˜,seven-thirty,sept heures et demie,siete y media
ğŸ•—,ì—¬ëŸ ì‹œ,eight oâ€™clock,huit heures,8 en punto
ğŸ•£,ì—¬ëŸ ì‹œ ë°˜,eight-thirty,huit heures et demie,ocho y media
ğŸ•˜,ì•„í™‰ ì‹œ,nine oâ€™clock,neuf heures,9 en punto
ğŸ•¤,ì•„í™‰ ì‹œ ë°˜,nine-thirty,neuf heures et demie,nueve y media
ğŸ•™,ì—´ ì‹œ,ten oâ€™clock,dix heures,10 en punto
ğŸ•¥,ì—´ ì‹œ ë°˜,ten-thirty,dix heures et demie,diez y media
ğŸ•š,ì—´í•œ ì‹œ,eleven oâ€™clock,onze heures,11 en punto
ğŸ•¦,ì—´í•œ ì‹œ ë°˜,eleven-thirty,onze heures et demie,once y media
ğŸŒ‘,ì‚­,new moon,nouvelle lune,luna nueva
ğŸŒ’,ì´ˆìŠ¹ë‹¬ ìƒí˜„,waxing crescent moon,lune croissante,luna creciente
ğŸŒ“,ì˜¤ë¥¸ìª½ ë°˜ë‹¬,first quarter moon,premier quartier de lune,luna en cuarto creciente
ğŸŒ”,ìƒí˜„ë‹¬,waxing gibbous moon,lune gibbeuse croissante,luna gibosa creciente
ğŸŒ•,ë³´ë¦„ë‹¬,full moon,pleine lune,luna llena
ğŸŒ–,í•˜í˜„ë‹¬,waning gibbous moon,lune gibbeuse dÃ©croissante,luna gibosa menguante
ğŸŒ—,ì™¼ìª½ ë°˜ë‹¬,last quarter moon,dernier quartier,luna en cuarto menguante
ğŸŒ˜,ê·¸ë¯ë‹¬ í•˜í˜„,waning crescent moon,lune dÃ©croissante,luna menguante
ğŸŒ™,ì´ˆìŠ¹ë‹¬,crescent moon,croissant de lune,luna
ğŸŒš,ì–¼êµ´ì´ ìˆëŠ” ì‚­,new moon face,nouvelle lune avec visage,luna nueva con cara
ğŸŒ›,ì–¼êµ´ì´ ìˆëŠ” ì´ˆìŠ¹ë‹¬,first quarter moon face,premier quartier de lune avec visage,luna de cuarto creciente con cara
ğŸŒœ,ê·¸ë¯ë‹¬,last quarter moon face,dernier quartier de lune avec visage,luna de cuarto menguante con cara
ğŸŒ¡,ì˜¨ë„ê³„,thermometer,thermomÃ¨tre,termÃ³metro
â˜€,íƒœì–‘,sun,soleil,sol
ğŸŒ,ì–¼êµ´ì´ ìˆëŠ” ë³´ë¦„ë‹¬,full moon face,pleine lune avec visage,luna llena con cara
ğŸŒ,ì–¼êµ´ì´ ìˆëŠ” í•´,sun with face,soleil avec visage,sol con cara
ğŸª,ê³ ë¦¬ê°€ ìˆëŠ” í–‰ì„±,ringed planet,planÃ¨te Ã  anneaux,planeta con anillos
â­,ë³„,star,Ã©toile,estrella blanca mediana
ğŸŒŸ,ë°˜ì§ì´ëŠ” ë³„,glowing star,Ã©toile brillante,estrella brillante
ğŸŒ ,ë³„ë˜¥ë³„,shooting star,Ã©toile filante,estrella fugaz
ğŸŒŒ,ì€í•˜ìˆ˜,milky way,voie lactÃ©e,VÃ­a LÃ¡ctea
â˜,êµ¬ë¦„,cloud,nuage,nube
â›…,êµ¬ë¦„ ë’¤ì˜ í•´,sun behind cloud,soleil derriÃ¨re les nuages,sol detrÃ¡s de una nube
â›ˆ,ë²ˆê°œê°€ ì¹˜ëŠ” ë¹„êµ¬ë¦„,cloud with lightning and rain,nuage avec Ã©clair et pluie,nube con rayo y lluvia
ğŸŒ¤,ì‘ì€ êµ¬ë¦„ ë’¤ì˜ íƒœì–‘,sun behind small cloud,soleil derriÃ¨re un petit nuage,sol detrÃ¡s de una nube pequeÃ±a
ğŸŒ¥,í° êµ¬ë¦„ ë’¤ì˜ íƒœì–‘,sun behind large cloud,soleil derriÃ¨re un gros nuage,sol detrÃ¡s de una nube grande
ğŸŒ¦,ë¹„êµ¬ë¦„ ë’¤ì˜ íƒœì–‘,sun behind rain cloud,soleil derriÃ¨re un nuage de pluie,sol detrÃ¡s de una nube con lluvia
ğŸŒ§,ë¹„êµ¬ë¦„,cloud with rain,nuage avec pluie,nube con lluvia
ğŸŒ¨,ëˆˆêµ¬ë¦„,cloud with snow,nuage avec neige,nube con nieve
ğŸŒ©,ë²ˆê°œêµ¬ë¦„,cloud with lightning,nuage avec Ã©clair,nube con rayo
ğŸŒª,í† ë„¤ì´ë„,tornado,tornade,tornado
ğŸŒ«,ì•ˆê°œ,fog,brouillard,niebla
ğŸŒ¬,ì–¼êµ´ì´ ìˆëŠ” ë°”ëŒ,wind face,vent avec visage,cara de viento
ğŸŒ€,íƒœí’,cyclone,cyclone,ciclÃ³n
ğŸŒˆ,ë¬´ì§€ê°œ,rainbow,arc-en-ciel,arcoÃ­ris
ğŸŒ‚,ì ‘íŒ ìš°ì‚°,closed umbrella,parapluie fermÃ©,paraguas cerrado
â˜‚,ìš°ì‚°,umbrella,parapluie ouvert,paraguas
â˜”,ë¹—ë°©ìš¸ì´ ìˆëŠ” ìš°ì‚°,umbrella with rain drops,parapluie avec gouttes de pluie,paraguas con gotas de lluvia
â›±,ë•…ì— ê½‚íŒ íŒŒë¼ì†”,umbrella on ground,parasol sur le sol,sombrilla en la arena
âš¡,ê³ ì•• ì£¼ì˜,high voltage,symbole de haute tension,alto voltaje
â„,ëˆˆì†¡ì´,snowflake,flocon,copo de nieve
â˜ƒ,ëˆˆì‚¬ëŒ,snowman,bonhomme de neige,muÃ±eco de nieve con nieve
â›„,ìŠ¤ë…¸ìš°ë§¨,snowman without snow,bonhomme de neige sans neige,muÃ±eco de nieve
â˜„,í˜œì„±,comet,comÃ¨te,meteorito
ğŸ”¥,ë¶ˆ,fire,feu,fuego
ğŸ’§,ë¬¼ë°©ìš¸,droplet,goutte dâ€™eau,gota
ğŸŒŠ,íŒŒë„,water wave,vague,ola de mar
ğŸƒ,í• ë¡œìœˆ,jack-o-lantern,citrouille,calabaza de Halloween
ğŸ„,í¬ë¦¬ìŠ¤ë§ˆìŠ¤ íŠ¸ë¦¬,Christmas tree,sapin de NoÃ«l,Ã¡rbol de Navidad
ğŸ†,ë¶ˆê½ƒë†€ì´,fireworks,feu dâ€™artifice,fuegos artificiales
ğŸ‡,ë¶ˆê½ƒ,sparkler,cierge magique,bengala
ğŸ§¨,í­ì£½,firecracker,pÃ©tard,petardo
âœ¨,ë¸”ë§ë¸”ë§,sparkles,Ã©tincelles,chispas
ğŸˆ,í’ì„ ,balloon,ballon gonflable,globo
ğŸ‰,íŒŒí‹°,party popper,cotillons,caÃ±Ã³n de confeti
ğŸŠ,ë°• í„°íŠ¸ë¦¬ê¸°,confetti ball,confettis,bola de confeti
ğŸ‹,ì†Œì›ì„ ê±´ ë‚˜ë¬´,tanabata tree,arbre Ã  vÅ“ux,Ã¡rbol de tanabata
ğŸ,ì¼ë³¸ ì¥ì‹,pine decoration,bambou dÃ©coratif,decoraciÃ³n de pino
ğŸ,ì¼ë³¸ ì¸í˜•,Japanese dolls,poupÃ©es japonaises,muÃ±ecas japonesas
ğŸ,ë¬¼ê³ ê¸° ê¹ƒë°œ,carp streamer,koinobori,banderÃ­n de carpas
ğŸ,í’ê²½,wind chime,carillon Ã©olien,campanilla de viento
ğŸ‘,ë‹¬ë§ì´,moon viewing ceremony,cÃ©rÃ©monie de la lune,ceremonia de contemplaciÃ³n de la luna
ğŸ§§,ì„¸ë±ƒëˆ,red envelope,enveloppe rouge,sobre rojo
ğŸ€,ë¦¬ë³¸,ribbon,ruban,lazo
ğŸ,ì„ ë¬¼,wrapped gift,cadeau,regalo
ğŸ—,ì¶”ëª¨ ë¦¬ë³¸,reminder ribbon,ruban de mÃ©moire,lazo conmemorativo
ğŸŸ,ì…ì¥ í‹°ì¼“,admission tickets,billet dâ€™entrÃ©e,entradas
ğŸ«,í‹°ì¼“,ticket,billet,tique
ğŸ–,ë¬´ê³µ í›ˆì¥,military medal,mÃ©daille militaire,medalla militar
ğŸ†,íŠ¸ë¡œí”¼,trophy,trophÃ©e,trofeo
ğŸ…,ìŠ¤í¬ì¸  ë©”ë‹¬,sports medal,mÃ©daille sportive,medalla deportiva
ğŸ¥‡,ê¸ˆë©”ë‹¬,1st place medal,mÃ©daille dâ€™or,medalla de oro
ğŸ¥ˆ,ì€ë©”ë‹¬,2nd place medal,mÃ©daille dâ€™argent,medalla de plata
ğŸ¥‰,ë™ë©”ë‹¬,3rd place medal,mÃ©daille de bronze,medalla de bronce
âš½,ì¶•êµ¬ê³µ,soccer ball,ballon de football,balÃ³n de fÃºtbol
âš¾,ì•¼êµ¬ê³µ,baseball,baseball,bÃ©isbol
ğŸ¥,ì†Œí”„íŠ¸ë³¼,softball,softball,pelota de softball
ğŸ€,ë†êµ¬,basketball,basket,balÃ³n de baloncesto
ğŸ,ë°°êµ¬ê³µ,volleyball,volley-ball,voleibol
ğŸˆ,ë¯¸ì‹ì¶•êµ¬ê³µ,american football,football amÃ©ricain,balÃ³n de fÃºtbol americano
ğŸ‰,ëŸ­ë¹„ê³µ,rugby football,rugby,balÃ³n de rugby
ğŸ¾,í…Œë‹ˆìŠ¤,tennis,tennis,pelota de tenis
ğŸ¥,ì›ë°˜,flying disc,disque-volant,disco volador
ğŸ³,ë³¼ë§,bowling,bowling,bolos
ğŸ,í¬ë¦¬ì¼“,cricket game,cricket,crÃ­quet
ğŸ‘,í•„ë“œ í•˜í‚¤,field hockey,hockey sur gazon,hockey sobre hierba
ğŸ’,ì•„ì´ìŠ¤ í•˜í‚¤ì™€ í½,ice hockey,hockey sur glace,hockey sobre hielo
ğŸ¥,ë¼í¬ë¡œìŠ¤,lacrosse,crosse,lacrosse
ğŸ“,íƒêµ¬,ping pong,ping-pong,tenis de mesa
ğŸ¸,ë°°ë“œë¯¼í„´,badminton,badminton,bÃ¡dminton
ğŸ¥Š,ê¶Œíˆ¬ ê¸€ëŸ¬ë¸Œ,boxing glove,gant de boxe,guante de boxeo
ğŸ¥‹,ë„ë³µ,martial arts uniform,tenue dâ€™arts martiaux,uniforme de artes marciales
ğŸ¥…,ê³¨ëŒ€,goal net,cage,porterÃ­a
â›³,ê³¨í”„,flag in hole,drapeau de golf,banderÃ­n en hoyo
â›¸,ì•„ì´ìŠ¤ ìŠ¤ì¼€ì´íŠ¸,ice skate,patin Ã  glace,patÃ­n de hielo
ğŸ£,ë‚šì‹¯ëŒ€,fishing pole,pÃªche Ã  la ligne,caÃ±a de pescar
ğŸ¤¿,ë‹¤ì´ë¹™ ë§ˆìŠ¤í¬,diving mask,masque de plongÃ©e,mÃ¡scara de buceo
ğŸ½,ëŸ¬ë‹ ì…”ì¸ ,running shirt,maillot de course,camiseta sin mangas
ğŸ¿,ìŠ¤í‚¤,skis,ski,esquÃ­s
ğŸ›·,ì°ë§¤,sled,luge,trineo
ğŸ¥Œ,ì»¬ë§ ìŠ¤í†¤,curling stone,pierre de curling,piedra de curling
ğŸ¯,ê³¼ë… ëª…ì¤‘,direct hit,dans le mille,diana
ğŸª€,ìš”ìš”,yo-yo,yoyo,yoyÃ³
ğŸª,ì—°,kite,cerf-volant,cometa
ğŸ±,ë‹¹êµ¬,pool 8 ball,billard,bola negra de billar
ğŸ”®,ìˆ˜ì • êµ¬ìŠ¬,crystal ball,boule de cristal,bola de cristal
ğŸ§¿,ì•…ë§ˆì˜ ëˆˆ,nazar amulet,mauvais Å“il,ojo turco
ğŸ®,ë¹„ë””ì˜¤ ê²Œì„,video game,jeu vidÃ©o,mando de videoconsola
ğŸ•¹,ì¡°ì´ìŠ¤í‹±,joystick,manette de jeu,joystick
ğŸ°,ìŠ¬ë¡¯ ë¨¸ì‹ ,slot machine,machine Ã  sous,mÃ¡quina tragaperras
ğŸ²,ì£¼ì‚¬ìœ„,game die,dÃ©s,dado
ğŸ§©,í¼ì¦,puzzle piece,piÃ¨ce de puzzle,pieza de puzle
ğŸ§¸,í…Œë”” ë² ì–´,teddy bear,ours en peluche,osito de peluche
â™ ,ìŠ¤í˜ì´ë“œ,spade suit,pique,palo de picas
â™¥,í•˜íŠ¸,heart suit,cÅ“ur cartes,palo de corazones
â™¦,ë‹¤ì´ì•„ëª¬ë“œ,diamond suit,carreau,palo de diamantes
â™£,í´ëŸ½,club suit,trÃ¨fle cartes,palo de trÃ©boles
â™Ÿ,ì²´ìŠ¤ í°,chess pawn,pion dâ€™Ã©chec,peÃ³n de ajedrez
ğŸƒ,ì¡°ì»¤,joker,carte Joker,comodÃ­n
ğŸ€„,ë§ˆì‘,mahjong red dragon,dragon rouge mahjong,dragÃ³n rojo de mahjong
ğŸ´,í™”íˆ¬,flower playing cards,jeu des fleurs,cartas de flores
ğŸ­,ê°€ë©´,performing arts,spectacle vivant,mÃ¡scaras de teatro
ğŸ–¼,ê·¸ë¦¼ ì•¡ì,framed picture,cadre avec image,cuadro enmarcado
ğŸ¨,íŒ”ë ˆíŠ¸,artist palette,palette de peinture,paleta de pintor
ğŸ§µ,ì‹¤íƒ€ë˜,thread,bobine de fil,hilo
ğŸ§¶,ì‹¤ë­‰ì¹˜,yarn,fil,ovillo
ğŸ‘“,ì•ˆê²½,glasses,lunettes de vue,gafas
ğŸ•¶,ì„ ê¸€ë¼ìŠ¤,sunglasses,lunettes de soleil,gafas de sol
ğŸ¥½,ê³ ê¸€,goggles,lunettes,gafas de protecciÃ³n
ğŸ¥¼,ì‹¤í—˜ì‹¤ ê°€ìš´,lab coat,blouse blanche,bata de laboratorio
ğŸ¦º,êµ¬ëª…ì¡°ë¼,safety vest,gilet de sÃ©curitÃ©,chaleco de seguridad
ğŸ‘”,ë„¥íƒ€ì´,necktie,cravate,corbata
ğŸ‘•,í‹°ì…”ì¸ ,t-shirt,T-shirt,camiseta
ğŸ‘–,ë°”ì§€,jeans,jean,vaqueros
ğŸ§£,ìŠ¤ì¹´í”„,scarf,foulard,bufanda
ğŸ§¤,ì¥ê°‘,gloves,gants,guantes
ğŸ§¥,ì½”íŠ¸,coat,manteau,abrigo
ğŸ§¦,ì–‘ë§,socks,chaussettes,calcetines
ğŸ‘—,ì›í”¼ìŠ¤,dress,robe,vestido
ğŸ‘˜,ê¸°ëª¨ë…¸,kimono,kimono,kimono
ğŸ¥»,ì‚¬ë¦¬,sari,sari,sari
ğŸ©±,ì›í”¼ìŠ¤ ìˆ˜ì˜ë³µ,one-piece swimsuit,maillot de bain une piÃ¨ce,traje de baÃ±o de una pieza
ğŸ©²,ì‚¼ê° ìˆ˜ì˜ë³µ,briefs,slip,ropa interior
ğŸ©³,ë°˜ë°”ì§€,shorts,short,pantalones cortos
ğŸ‘™,ë¹„í‚¤ë‹ˆ,bikini,bikini,bikini
ğŸ‘š,ì—¬ì„±ë³µ,womanâ€™s clothes,vÃªtements de femme,ropa de mujer
ğŸ‘›,ì§€ê°‘,purse,porte-monnaie,monedero
ğŸ‘œ,í•¸ë“œë°±,handbag,sac Ã  main,bolso
ğŸ‘,íŒŒìš°ì¹˜,clutch bag,pochette,bolso de mano
ğŸ›,ì‡¼í•‘ë°±,shopping bags,sacs de shopping,bolsas de compras
ğŸ’,í•™êµ ê°€ë°©,backpack,cartable,mochila escolar
ğŸ‘,ë‚¨ì„±ìš© êµ¬ë‘,manâ€™s shoe,chaussure dâ€™homme,zapato de hombre
ğŸ‘Ÿ,ìš´ë™í™”,running shoe,chaussure de sport,zapatilla deportiva
ğŸ¥¾,ë“±ì‚°í™”,hiking boot,chaussure de randonnÃ©e,bota de senderismo
ğŸ¥¿,í”Œë« ìŠˆì¦ˆ,flat shoe,chaussure plate,bailarina
ğŸ‘ ,í•˜ì´í,high-heeled shoe,chaussure Ã  talon haut,zapato de tacÃ³n
ğŸ‘¡,ìƒŒë“¤,womanâ€™s sandal,sandale de femme,sandalia de mujer
ğŸ©°,ë°œë ˆ ìŠˆì¦ˆ,ballet shoes,chaussons de danse,zapatillas de ballet
ğŸ‘¢,ë¶€ì¸ ,womanâ€™s boot,botte de femme,bota de mujer
ğŸ‘‘,ì™•ê´€,crown,couronne,corona
ğŸ‘’,ì—¬ì„±ìš© ëª¨ì,womanâ€™s hat,chapeau de femme,sombrero de mujer
ğŸ©,ë§ˆìˆ ì‚¬ ëª¨ì,top hat,haut de forme,sombrero de copa
ğŸ“,ì¡¸ì—… ëª¨ì,graduation cap,toque universitaire,birrete
ğŸ§¢,ì•¼êµ¬ëª¨ì,billed cap,casquette amÃ©ricaine,gorra con visera
â›‘,í° ì‹­ìê°€ê°€ ìˆëŠ” í—¬ë©§,rescue workerâ€™s helmet,casque de secouriste,casco con una cruz blanca
ğŸ“¿,ë¬µì£¼,prayer beads,chapelet,rosario
ğŸ’„,ë¦½ìŠ¤í‹±,lipstick,rouge Ã  lÃ¨vres,pintalabios
ğŸ’,ë°˜ì§€,ring,bague,anillo
ğŸ’,ì›ì„,gem stone,pierre prÃ©cieuse,piedra preciosa
ğŸ”‡,ë¬´ìŒ,muted speaker,muet,altavoz silenciado
ğŸ”ˆ,ìŠ¤í”¼ì»¤,speaker low volume,volume des enceintes faible,altavoz a volumen bajo
ğŸ”‰,ìŠ¤í”¼ì»¤ ì†Œë¦¬ ì‘ê²Œ,speaker medium volume,volume des enceintes moyen,altavoz a volumen medio
ğŸ”Š,ìŠ¤í”¼ì»¤ ì†Œë¦¬ í¬ê²Œ,speaker high volume,volume des enceintes Ã©levÃ©,altavoz a volumen alto
ğŸ“¢,í™•ì„±ê¸°,loudspeaker,haut-parleur,altavoz de mano
ğŸ“£,ë©”ê°€í°,megaphone,porte-voix,megÃ¡fono
ğŸ“¯,í˜¸ë¥¸,postal horn,cor postal,corneta de posta
ğŸ””,ì¢…,bell,cloche,campana
ğŸ”•,ìŒì†Œê±°,bell with slash,alarme dÃ©sactivÃ©e,campana con signo de cancelaciÃ³n
ğŸ¼,ë†’ì€ìŒìë¦¬í‘œ,musical score,partition,pentagrama
ğŸµ,ìŒí‘œ,musical note,note de musique,nota musical
ğŸ¶,ë…¸ë˜ ìŒí‘œ,musical notes,notes de musique,notas musicales
ğŸ™,ìŠ¤íŠœë””ì˜¤ ë§ˆì´í¬,studio microphone,micro de studio,micrÃ³fono de estudio
ğŸš,ë ˆë²¨ ìŠ¬ë¼ì´ë”,level slider,curseur de niveau,control de volumen
ğŸ›,ì»¨íŠ¸ë¡¤ ë ˆë²„,control knobs,boutons de rÃ©glage,ruedas de control
ğŸ¤,ë§ˆì´í¬,microphone,micro,micrÃ³fono
ğŸ§,í—¤ë“œí°,headphone,casque,auricular
ğŸ“»,ë¼ë””ì˜¤,radio,radio,radio
ğŸ·,ìƒ‰ì†Œí°,saxophone,saxophone,saxofÃ³n
ğŸ¸,ê¸°íƒ€,guitar,guitare,guitarra
ğŸ¹,í”¼ì•„ë…¸,musical keyboard,piano,teclado musical
ğŸº,íŠ¸ëŸ¼í«,trumpet,trompette,trompeta
ğŸ»,ë°”ì´ì˜¬ë¦°,violin,violon,violÃ­n
ğŸª•,ë°´ì¡°,banjo,banjo,banjo
ğŸ¥,ë“œëŸ¼,drum,batterie,tambor
ğŸ“±,íœ´ëŒ€ì „í™”,mobile phone,tÃ©lÃ©phone portable,telÃ©fono mÃ³vil
ğŸ“²,ì™¼ìª½ì— í™”ì‚´í‘œê°€ ìˆëŠ” íœ´ëŒ€ì „í™”,mobile phone with arrow,appel entrant,mÃ³vil con una flecha
â˜,ì „í™”ê¸°,telephone,tÃ©lÃ©phone,telÃ©fono
ğŸ“,ìˆ˜í™”ê¸°,telephone receiver,combinÃ© tÃ©lÃ©phonique,auricular de telÃ©fono
ğŸ“Ÿ,ì‚ì‚,pager,bipeur,busca
ğŸ“ ,íŒ©ìŠ¤,fax machine,fax,mÃ¡quina de fax
ğŸ”‹,ë°°í„°ë¦¬,battery,pile,pila
ğŸ”Œ,ì „ê¸° í”ŒëŸ¬ê·¸,electric plug,cÃ¢ble avec fiche Ã©lectrique,enchufe elÃ©ctrico
ğŸ’»,ë…¸íŠ¸ë¶,laptop,ordinateur portable,ordenador portÃ¡til
ğŸ–¥,ë°ìŠ¤í¬í†± ì»´í“¨í„°,desktop computer,ordinateur de bureau,ordenador de sobremesa
ğŸ–¨,í”„ë¦°í„°,printer,imprimante,impresora
âŒ¨,í‚¤ë³´ë“œ,keyboard,clavier,teclado
ğŸ–±,ì»´í“¨í„° ë§ˆìš°ìŠ¤,computer mouse,souris dâ€™ordinateur,ratÃ³n de ordenador
ğŸ–²,íŠ¸ë™ë³¼,trackball,boule de commande,bola de desplazamiento
ğŸ’½,ì— ë””,computer disk,disque dâ€™ordinateur,minidisc
ğŸ’¾,í”Œë¡œí”¼ ë””ìŠ¤í¬,floppy disk,disquette,disquete
ğŸ’¿,ì”¨ë””,optical disk,CD,disco Ã³ptico
ğŸ“€,ë””ë¹„ë””,dvd,DVD,disco DVD
ğŸ§®,ì£¼íŒ,abacus,abaque,Ã¡baco
ğŸ¥,ì˜í™” ì¹´ë©”ë¼,movie camera,camÃ©ra,cÃ¡mara de cine
ğŸ,ì˜í™” í”„ë ˆì„,film frames,pellicule,fotograma de pelÃ­cula
ğŸ“½,ì˜í™” í”„ë¡œì í„°,film projector,projecteur cinÃ©matographique,proyector de cine
ğŸ¬,ìŠ¬ë ˆì´íŠ¸,clapper board,clap,claqueta
ğŸ“º,í…”ë ˆë¹„ì „,television,tÃ©lÃ©viseur,televisiÃ³n
ğŸ“·,ì¹´ë©”ë¼,camera,appareil photo,cÃ¡mara de fotos
ğŸ“¸,í”Œë˜ì‹œë¥¼ í„°íŠ¸ë¦¬ê³  ìˆëŠ” ì¹´ë©”ë¼,camera with flash,appareil photo avec flash,cÃ¡mara con flash
ğŸ“¹,ìº ì½”ë”,video camera,camÃ©scope,videocÃ¡mara
ğŸ“¼,ë¹„ë””ì˜¤í…Œì´í”„,videocassette,cassette vidÃ©o,cinta de vÃ­deo
ğŸ”,ì™¼ìª½ìœ¼ë¡œ í–¥í•œ ë‹ë³´ê¸°,magnifying glass tilted left,loupe orientÃ©e Ã  gauche,lupa orientada hacia la izquierda
ğŸ”,ì˜¤ë¥¸ìª½ìœ¼ë¡œ í–¥í•œ ë‹ë³´ê¸°,magnifying glass tilted right,loupe orientÃ©e Ã  droite,lupa orientada hacia la derecha
ğŸ•¯,ì–‘ì´ˆ,candle,bougie,vela
ğŸ’¡,ì „êµ¬,light bulb,ampoule,bombilla
ğŸ”¦,ì†ì „ë“±,flashlight,torche,linterna
ğŸ®,ì¼ë³¸ì‹ ë“±,red paper lantern,lampion rouge,lÃ¡mpara japonesa
ğŸª”,ê¸°ë¦„ ë¨í”„,diya lamp,diya,lÃ¡mpara de aceite
ğŸ“”,í‘œì§€ê°€ ìˆëŠ” ë…¸íŠ¸,notebook with decorative cover,carnet avec couverture,cuaderno con tapa decorativa
ğŸ“•,í¼ì¹˜ì§€ ì•Šì€ ì±…,closed book,livre fermÃ©,libro cerrado
ğŸ“–,í¼ì³ì§„ ì±…,open book,livre ouvert,libro abierto
ğŸ“—,ì´ˆë¡ìƒ‰ ì±…,green book,livre vert,libro verde
ğŸ“˜,íŒŒë€ìƒ‰ ì±…,blue book,livre bleu,libro azul
ğŸ“™,ì£¼í™©ìƒ‰ ì±…,orange book,livre orange,libro naranja
ğŸ“š,ì±… ì—¬ëŸ¬ ê¶Œ,books,livres,libros
ğŸ““,ê³µì±…,notebook,carnet,cuaderno
ğŸ“’,ë…¸íŠ¸,ledger,carnet de compte,libro de contabilidad
ğŸ“ƒ,ì•ˆìœ¼ë¡œ ë§ë¦° ë¬¸ì„œ,page with curl,page enroulÃ©e,pÃ¡gina doblada
ğŸ“œ,ë¬¸ì„œ,scroll,parchemin,pergamino
ğŸ“„,ì˜¤ë¥¸ìª½ ëª¨ì„œë¦¬ê°€ ì ‘íŒ ë¬¸ì„œ,page facing up,page,pÃ¡gina hacia arriba
ğŸ“°,ì‹ ë¬¸,newspaper,journal,periÃ³dico
ğŸ—,ëŒëŒ ë§ë¦° ì‹ ë¬¸,rolled-up newspaper,journal roulÃ©,periÃ³dico enrollado
ğŸ“‘,ë¶ë§ˆí¬ íƒ­,bookmark tabs,signets,marcadores
ğŸ”–,ë¶ë§ˆí¬,bookmark,marque-page,marcapÃ¡ginas
ğŸ·,ë¼ë²¨,label,Ã©tiquette,etiqueta
ğŸ’°,ëˆì£¼ë¨¸ë‹ˆ,money bag,sac plein dâ€™argent,bolsa de dinero
ğŸ’´,ì—”,yen banknote,billet en yens,billete de yen
ğŸ’µ,ë‹¬ëŸ¬,dollar banknote,billet en dollars,billete de dÃ³lar
ğŸ’¶,ìœ ë¡œ,euro banknote,billet en euros,billete de euro
ğŸ’·,íŒŒìš´ë“œ,pound banknote,billet en livres,billete de libra
ğŸ’¸,ë‚ ê°œ ë‹¬ë¦° ëˆ,money with wings,billet avec des ailes,billete con alas
ğŸ’³,ì‹ ìš©ì¹´ë“œ,credit card,carte bancaire,tarjeta de crÃ©dito
ğŸ§¾,ì˜ìˆ˜ì¦,receipt,reÃ§u,recibo
ğŸ’¹,ì—”í™” ê´€ë ¨ ìƒìŠ¹í•˜ëŠ” ê·¸ë˜í”„,chart increasing with yen,courbe avec yen en hausse,mercado al alza
ğŸ’±,í™˜ì „,currency exchange,conversion de devise,cambio de divisas
ğŸ’²,ë¯¸êµ­ ë‹¬ëŸ¬,heavy dollar sign,dollar,sÃ­mbolo de dÃ³lar
âœ‰,ë´‰íˆ¬,envelope,enveloppe,sobre
ğŸ“§,ì´ë©”ì¼,e-mail,e-mail,correo electrÃ³nico
ğŸ“¨,ë°›ì€ í¸ì§€,incoming envelope,message reÃ§u,sobre entrante
ğŸ“©,ë³´ë‚¸ í¸ì§€,envelope with arrow,enveloppe avec flÃ¨che,sobre con flecha
ğŸ“¤,ë³´ë‚¸ í¸ì§€í•¨,outbox tray,boÃ®te dâ€™envoi,bandeja de salida
ğŸ“¥,ë°›ì€ í¸ì§€í•¨,inbox tray,boÃ®te de rÃ©ception,bandeja de entrada
ğŸ“¦,ì†Œí¬,package,colis,paquete
ğŸ“«,í‘œì§€ê°€ ì˜¬ë¼ê°„ ë‹«íŒ ìš°í¸í•¨,closed mailbox with raised flag,boÃ®te aux lettres fermÃ©e drapeau levÃ©,buzÃ³n cerrado con la bandera levantada
ğŸ“ª,í‘œì§€ê°€ ë‚´ë ¤ê°„ ë‹«íŒ ìš°í¸í•¨,closed mailbox with lowered flag,boÃ®te aux lettres fermÃ©e drapeau baissÃ©,buzÃ³n cerrado con la bandera bajada
ğŸ“¬,í‘œì§€ê°€ ì˜¬ë¼ê°„ ì—´ë¦° ìš°í¸í•¨,open mailbox with raised flag,boÃ®te aux lettres ouverte drapeau levÃ©,buzÃ³n abierto con la bandera levantada
ğŸ“­,í‘œì§€ê°€ ë‚´ë ¤ê°„ ì—´ë¦° ìš°í¸í•¨,open mailbox with lowered flag,boÃ®te aux lettres ouverte drapeau baissÃ©,buzÃ³n abierto con la bandera bajada
ğŸ“®,ìš°í¸í•¨,postbox,boÃ®te aux lettres,buzÃ³n
ğŸ—³,íˆ¬í‘œ ìš©ì§€ê°€ ìˆëŠ” íˆ¬í‘œ ìƒì,ballot box with ballot,urne Ã©lectorale,urna con papeleta
âœ,ì—°í•„,pencil,crayon,lÃ¡piz
âœ’,ê²€ì€ìƒ‰ íœì´‰,black nib,stylo plume noir,pluma negra
ğŸ–‹,ë§Œë…„í•„,fountain pen,stylo plume,estilogrÃ¡fica
ğŸ–Š,íœ,pen,stylo,bolÃ­grafo
ğŸ–Œ,ë¶“,paintbrush,pinceau,pincel
ğŸ–,í¬ë ˆìš©,crayon,crayon pastel,lÃ¡piz de cera
ğŸ“,ë©”ëª¨,memo,mÃ©mo,cuaderno de notas
ğŸ’¼,ì„œë¥˜ ê°€ë°©,briefcase,porte-documents,maletÃ­n
ğŸ“,í´ë”,file folder,dossier,carpeta de archivos
ğŸ“‚,í´ë” ì—´ê¸°,open file folder,dossier ouvert,carpeta de archivos abierta
ğŸ—‚,ì¹´ë“œ ìƒ‰ì¸ íŒŒì¼,card index dividers,intercalaires,separador de fichas
ğŸ“…,ë‹¬ë ¥,calendar,calendrier,calendario
ğŸ“†,ëœ¯ì–´ì§„ ë‹¬ë ¥,tear-off calendar,Ã©phÃ©mÃ©ride,calendario recortable
ğŸ—’,ìŠ¤í”„ë§ ë…¸íŠ¸,spiral notepad,bloc-notes Ã  spirale,bloc de notas de espiral
ğŸ—“,ìŠ¤í”„ë§ ë‹¬ë ¥,spiral calendar,calendrier Ã  spirale,calendario de espiral
ğŸ“‡,ì¹´ë“œ ì¸ë±ìŠ¤,card index,carnet dâ€™adresses,organizador de fichas
ğŸ“ˆ,ìƒìŠ¹í•˜ëŠ” ê·¸ë˜í”„,chart increasing,graphique en hausse,grÃ¡fica de evoluciÃ³n ascendente
ğŸ“‰,ë‚´ë ¤ê°€ëŠ” ê·¸ë˜í”„,chart decreasing,graphique en baisse,grÃ¡fica de evoluciÃ³n descendente
ğŸ“Š,ë§‰ëŒ€ ê·¸ë˜í”„,bar chart,graphiques Ã  barres,grÃ¡fico de barras
ğŸ“‹,í´ë¦½ë³´ë“œ,clipboard,porte-bloc,portapapeles
ğŸ“Œ,ì••ì •,pushpin,punaise,chincheta
ğŸ“,ë‘¥ê·¼ ë¨¸ë¦¬ í•€,round pushpin,Ã©pingle,chincheta redonda
ğŸ“,í´ë¦½,paperclip,trombone,clip
ğŸ–‡,ì´ì–´ì ¸ ìˆëŠ” í´ë¦½,linked paperclips,trombones,clips unidos
ğŸ“,ì,straight ruler,rÃ¨gle,regla
ğŸ“,ì‚¼ê°ì,triangular ruler,Ã©querre,escuadra
âœ‚,ê°€ìœ„,scissors,ciseaux,tijeras
ğŸ—ƒ,ì¹´ë“œ íŒŒì¼ ìƒì,card file box,boÃ®te Ã  dossiers,archivador de tarjetas
ğŸ—„,íŒŒì¼ ë³´ê´€ ì„œëì¥,file cabinet,meuble Ã  dossiers,archivador
ğŸ—‘,ì“°ë ˆê¸°í†µ,wastebasket,corbeille Ã  papiers,papelera
ğŸ”’,ìë¬¼ì‡ ,locked,cadenas fermÃ©,candado cerrado
ğŸ”“,ì—´ë¦° ìë¬¼ì‡ ,unlocked,cadenas ouvert,candado abierto
ğŸ”,ìë¬¼ì‡ ì™€ íœ,locked with pen,cadenas fermÃ© avec stylo,candado con pluma estilogrÃ¡fica
ğŸ”,ìë¬¼ì‡ ì™€ ì—´ì‡ ,locked with key,cadenas fermÃ© avec clÃ©,candado cerrado y llave
ğŸ”‘,ì—´ì‡ ,key,clÃ©,llave
ğŸ—,ì˜¤ë˜ëœ ì—´ì‡ ,old key,clÃ© ancienne,llave antigua
ğŸ”¨,ë§ì¹˜,hammer,marteau,martillo
ğŸª“,ë„ë¼,axe,hache,hacha
â›,ê³¡ê´­ì´,pick,pioche,pico
âš’,ë§ì¹˜ì™€ ê³¡ê´­ì´,hammer and pick,marteau et pioche,martillo y pico
ğŸ› ,ë§ì¹˜ì™€ ë Œì¹˜,hammer and wrench,marteau et clÃ© Ã  molette,martillo y llave inglesa
ğŸ—¡,ë‹¨ê²€,dagger,dague,puÃ±al
âš”,ìŒê²€,crossed swords,Ã©pÃ©es croisÃ©es,espadas cruzadas
ğŸ”«,ì´,pistol,pistolet,pistola
ğŸ¹,í™œê³¼ í™”ì‚´,bow and arrow,arc et flÃ¨che,arco y flecha
ğŸ›¡,ë°©íŒ¨,shield,bouclier,escudo
ğŸ”§,ë Œì¹˜,wrench,clÃ© Ã  molette,llave inglesa
ğŸ”©,ë³¼íŠ¸ì™€ ë„ˆíŠ¸,nut and bolt,vis et Ã©crou,tornillo y tuerca
âš™,í†±ë‹ˆë°”í€´,gear,roue dentÃ©e,engranaje
ğŸ—œ,ì••ì¶•ê¸°,clamp,serre-joint,tornillo de banco
âš–,ì ‘ì‹œì €ìš¸,balance scale,balance Ã  poids,balanza
ğŸ¦¯,ì‹œê°ì¥ì• ì¸ ì§€íŒ¡ì´,white cane,canne blanche,bastÃ³n
ğŸ”—,ë§í¬,link,chaÃ®nons,eslabÃ³n
â›“,ì‡ ì‚¬ìŠ¬,chains,chaÃ®nes,cadenas
ğŸ§°,ê³µêµ¬í†µ,toolbox,boÃ®te Ã  outils,caja de herramientas
ğŸ§²,ìì„,magnet,aimant,imÃ¡n
âš—,ì¦ë¥˜ê¸°,alembic,alambic,alambique
ğŸ§ª,ì‹œí—˜ê´€,test tube,tube Ã  essai,tubo de ensayo
ğŸ§«,í˜íŠ¸ë¦¬ ì ‘ì‹œ,petri dish,boÃ®te de pÃ©tri,placa de petri
ğŸ§¬,DNA,dna,adn,adn
ğŸ”¬,í˜„ë¯¸ê²½,microscope,microscope,microscopio
ğŸ”­,ë§ì›ê²½,telescope,tÃ©lescope,telescopio
ğŸ“¡,ìœ„ì„± ì•ˆí…Œë‚˜,satellite antenna,antenne satellite,antena de satÃ©lite
ğŸ’‰,ì£¼ì‚¬ê¸°,syringe,seringue,jeringuilla
ğŸ©¸,í•ë°©ìš¸,drop of blood,goutte de sang,gota de sangre
ğŸ’Š,ì•Œì•½,pill,pilule,pÃ­ldora
ğŸ©¹,ë°˜ì°½ê³ ,adhesive bandage,sparadrap,tirita
ğŸ©º,ì²­ì§„ê¸°,stethoscope,stÃ©thoscope,estetoscopio
ğŸšª,ë¬¸,door,porte,puerta
ğŸ›,ì¹¨ëŒ€,bed,lit,cama
ğŸ›‹,ì†ŒíŒŒì™€ ì „ë“±,couch and lamp,canapÃ© et lampe,sofÃ¡ y lÃ¡mpara
ğŸª‘,ì˜ì,chair,chaise,silla
ğŸš½,ë³€ê¸°,toilet,toilettes,inodoro
ğŸš¿,ìƒ¤ì›Œ,shower,douche,ducha
ğŸ›,ìš•ì¡°,bathtub,baignoire,baÃ±era
ğŸª’,ë©´ë„ì¹¼,razor,rasoir,cuchilla de afeitar
ğŸ§´,ë¡œì…˜,lotion bottle,bouteille de lotion,bote de crema
ğŸ§·,ì˜·í•€,safety pin,Ã©pingle de sÃ»retÃ©,imperdible
ğŸ§¹,ë¹—ìë£¨,broom,balai,escoba
ğŸ§º,ë°”êµ¬ë‹ˆ,basket,panier,cesta
ğŸ§»,ë‘ë£¨ë§ˆë¦¬,roll of paper,rouleau de papier,rollo de papel
ğŸ§¼,ë¹„ëˆ„,soap,savon,jabÃ³n
ğŸ§½,ìŠ¤í€ì§€,sponge,Ã©ponge,esponja
ğŸ§¯,ì†Œí™”ê¸°,fire extinguisher,extincteur,extintor
ğŸ›’,ì‡¼í•‘ì¹´íŠ¸,shopping cart,chariot,carrito de la compra
ğŸš¬,í¡ì—° êµ¬ì—­ ì‹ í˜¸,cigarette,cigarette,cigarrillo
âš°,ê´€,coffin,cercueil,ataÃºd
âš±,ë‚©ê³¨ ë‹¨ì§€,funeral urn,urne funÃ©raire,urna funeraria
ğŸ—¿,ëª¨ì•„ì´,moai,moai,estatua moÃ¡i
ğŸ§,ì—ì´í‹°ì— ,ATM sign,distributeur de billets,seÃ±al de cajero automÃ¡tico
ğŸš®,ì“°ë ˆê¸°ëŠ” ì“°ë ˆê¸°í†µì—,litter in bin sign,icÃ´ne Poubelle,seÃ±al de usar papelera
ğŸš°,ìŒìˆ˜ëŒ€,potable water,eau potable,agua potable
â™¿,íœ ì²´ì–´,wheelchair symbol,symbole AccÃ¨s handicapÃ©s,sÃ­mbolo de silla de ruedas
ğŸš¹,ë‚¨ì í™”ì¥ì‹¤,menâ€™s room,symbole Toilettes hommes,aseo para hombres
ğŸšº,ì—¬ì í™”ì¥ì‹¤,womenâ€™s room,symbole Toilettes femmes,seÃ±al de aseo para mujeres
ğŸš»,í™”ì¥ì‹¤,restroom,panneau Toilettes,seÃ±al de aseos
ğŸš¼,ìˆ˜ìœ ì‹¤,baby symbol,symbole BÃ©bÃ©,seÃ±al de bebÃ©
ğŸš¾,ë”ë¸”ìœ ì”¨,water closet,WC,aseos
ğŸ›‚,ì¶œì…êµ­ ì‹¬ì‚¬,passport control,contrÃ´le des passeports,control de pasaportes
ğŸ›ƒ,ì„¸ê´€,customs,douane,aduana
ğŸ›„,ì§ ì°¾ëŠ” ê³³,baggage claim,retrait des bagages,recogida de equipajes
ğŸ›…,í™”ë¬¼ ì„œë¹„ìŠ¤,left luggage,consigne,consigna
âš ,ì£¼ì˜,warning,symbole dâ€™avertissement,advertencia
ğŸš¸,ì–´ë¦°ì´ ë³´í˜¸ êµ¬ì—­,children crossing,traversÃ©e dâ€™enfants,niÃ±os cruzando
â›”,ì§„ì… ê¸ˆì§€,no entry,sens interdit,direcciÃ³n prohibida
ğŸš«,ê¸ˆì§€,prohibited,symbole dâ€™interdiction,prohibido
ğŸš³,ìì „ê±° ê¸ˆì§€,no bicycles,vÃ©los interdits,bicicletas prohibidas
ğŸš­,ê¸ˆì—° ì‹ í˜¸,no smoking,interdiction de fumer,prohibido fumar
ğŸš¯,ì“°ë ˆê¸° íˆ¬ê¸° ê¸ˆì§€,no littering,dÃ©pÃ´t dâ€™ordures interdit,prohibido tirar basura
ğŸš±,ë§ˆì‹¤ ìˆ˜ ì—†ëŠ” ë¬¼,non-potable water,eau non potable,agua no potable
ğŸš·,ë³´í–‰ì ê¸ˆì§€,no pedestrians,interdit aux piÃ©tons,prohibido el paso de peatones
ğŸ“µ,íœ´ëŒ€ì „í™” ì‚¬ìš©ê¸ˆì§€,no mobile phones,tÃ©lÃ©phones portables interdits,prohibido el uso de mÃ³viles
ğŸ”,ì„±ì¸ìš©,no one under eighteen,18 ans et plus,prohibido para menos de 18 aÃ±os
â˜¢,ë°©ì‚¬ëŠ¥,radioactive,radioactif,radiactivo
â˜£,ìƒë¬¼í•™ì  ìœ„í—˜,biohazard,danger biologique,riesgo biolÃ³gico
â¬†,ìƒí–¥ í™”ì‚´í‘œ,up arrow,flÃ¨che haut,flecha hacia arriba
â†—,ìš°ìƒí–¥ í™”ì‚´í‘œ,up-right arrow,flÃ¨che haut droite,flecha hacia la esquina superior derecha
â¡,ìš°í–¥ í™”ì‚´í‘œ,right arrow,flÃ¨che droite,flecha hacia la derecha
â†˜,ìš°í•˜í–¥ í™”ì‚´í‘œ,down-right arrow,flÃ¨che bas droite,flecha hacia la esquina inferior derecha
â¬‡,í•˜í–¥ í™”ì‚´í‘œ,down arrow,flÃ¨che bas,flecha hacia abajo
â†™,ì¢Œí•˜í–¥ í™”ì‚´í‘œ,down-left arrow,flÃ¨che bas gauche,flecha hacia la esquina inferior izquierda
â¬…,ì¢Œí–¥ í™”ì‚´í‘œ,left arrow,flÃ¨che gauche,flecha hacia la izquierda
â†–,ì¢Œìƒí–¥ í™”ì‚´í‘œ,up-left arrow,flÃ¨che haut gauche,flecha hacia la esquina superior izquierda
â†•,ìƒí•˜í–¥ í™”ì‚´í‘œ,up-down arrow,flÃ¨che haut bas,flecha arriba y abajo
â†”,ì¢Œìš°í–¥ í™”ì‚´í‘œ,left-right arrow,flÃ¨che gauche droite,flecha izquierda y derecha
â†©,ì™¼ìª½ìœ¼ë¡œ êº¾ì–´ì§€ëŠ” ìš°í–¥ í™”ì‚´í‘œ,right arrow curving left,flÃ¨che courbe gauche,flecha derecha curvÃ¡ndose a la izquierda
â†ª,ì˜¤ë¥¸ìª½ìœ¼ë¡œ êº¾ì–´ì§€ëŠ” ì¢Œí–¥ í™”ì‚´í‘œ,left arrow curving right,flÃ¨che courbe droite,flecha izquierda curvÃ¡ndose a la derecha
â¤´,ìœ„ìª½ìœ¼ë¡œ êº¾ì–´ì§€ëŠ” ìš°í–¥ í™”ì‚´í‘œ,right arrow curving up,flÃ¨che courbe haut,flecha derecha curvÃ¡ndose hacia arriba
â¤µ,ì•„ë˜ìª½ìœ¼ë¡œ êº¾ì–´ì§€ëŠ” ìš°í–¥ í™”ì‚´í‘œ,right arrow curving down,flÃ¨che courbe bas,flecha derecha curvÃ¡ndose hacia abajo
ğŸ”ƒ,ì‹œê³„ ë°©í–¥ í™”ì‚´í‘œ,clockwise vertical arrows,flÃ¨ches dans le sens horaire,flechas verticales en sentido horario
ğŸ”„,ë°˜ì‹œê³„ ë°©í–¥ í™”ì‚´í‘œ,counterclockwise arrows button,flÃ¨ches dans le sens antihoraire,flechas en sentido antihorario
ğŸ”™,ë’¤ë¡œ,BACK arrow,flÃ¨che Retour,flecha BACK
ğŸ”š,ì¢…ë£Œ,END arrow,flÃ¨che Fin,flecha END
ğŸ”›,ì¼œì§,ON! arrow,flÃ¨che ActivÃ©,flecha ON!
ğŸ”œ,ê³§,SOON arrow,flÃ¨che BientÃ´t,flecha SOON
ğŸ”,ìœ„ë¡œ í™”ì‚´í‘œ,TOP arrow,flÃ¨che En haut,flecha TOP
ğŸ›,ì˜ˆë°°ê³µê°„,place of worship,lieu de culte,lugar de culto
âš›,ì›ì ê¸°í˜¸,atom symbol,symbole de lâ€™atome,sÃ­mbolo de Ã¡tomo
ğŸ•‰,ì˜´,om,om,om
âœ¡,ë‹¤ë¹„ë“œë³„,star of David,Ã©toile de David,estrella de David
â˜¸,ì§„ë¦¬ì˜ ìˆ˜ë ˆë°”í€´,wheel of dharma,roue du Dharma,rueda del dharma
â˜¯,ìŒì–‘,yin yang,yin yang,yin yang
âœ,ë¼í‹´ ì‹­ìê°€,latin cross,croix latine,cruz latina
â˜¦,ì „í†µì ì¸ ì‹­ìê°€,orthodox cross,croix orthodoxe,cruz ortodoxa
â˜ª,ì´ˆìŠ¹ë‹¬ê³¼ ë³„,star and crescent,lune et Ã©toile,media luna y estrella
â˜®,í‰í™” ê¸°í˜¸,peace symbol,symbole de paix,sÃ­mbolo de la paz
ğŸ•,ë©”ë…¸ë¼,menorah,chandelier Ã  sept branches,menorÃ¡
ğŸ”¯,ìœ¡ê° ë³„,dotted six-pointed star,Ã©toile Ã  6 branches,estrella de seis puntas
â™ˆ,ì–‘ìë¦¬,Aries,bÃ©lier zodiaque,Aries
â™‰,í™©ì†Œìë¦¬,Taurus,taureau,Tauro
â™Š,ìŒë‘¥ì´ ìë¦¬,Gemini,gÃ©meaux,GÃ©minis
â™‹,ê²Œìë¦¬,Cancer,cancer,CÃ¡ncer
â™Œ,ì‚¬ììë¦¬,Leo,lion,Leo
â™,ì²˜ë…€ìë¦¬,Virgo,vierge,Virgo
â™,ì²œì¹­ìë¦¬,Libra,balance,Libra
â™,ì „ê°ˆìë¦¬,Scorpio,scorpion zodiaque,Escorpio
â™,ì‚¬ìˆ˜ìë¦¬,Sagittarius,sagittaire,Sagitario
â™‘,ì—¼ì†Œìë¦¬,Capricorn,capricorne,Capricornio
â™’,ë¬¼ë³‘ìë¦¬,Aquarius,verseau,Acuario
â™“,ë¬¼ê³ ê¸°ìë¦¬,Pisces,poissons,Piscis
â›,ë±€ì£¼ì¸ìë¦¬,Ophiuchus,serpentaire,Ofiuco
ğŸ”€,ëœë¤ ì¬ìƒ,shuffle tracks button,bouton lecture alÃ©atoire,reproducciÃ³n aleatoria
ğŸ”,ì „ê³¡ ë°˜ë³µ ì¬ìƒ,repeat button,bouton rÃ©pÃ©tition,repetir
ğŸ”‚,í•œ ê³¡ ë°˜ë³µ ì¬ìƒ,repeat single button,bouton rÃ©pÃ©tition de la piste,repetir una vez
â–¶,ì¬ìƒ ë²„íŠ¼,play button,bouton lecture,reproducir
â©,ë¹¨ë¦¬ ê°ê¸°,fast-forward button,bouton avance rapide,avance rÃ¡pido
â­,ë‹¤ìŒ íŠ¸ë™ ë²„íŠ¼,next track button,bouton piste suivante,pista siguiente
â¯,ì¬ìƒ ë˜ëŠ” ì¼ì‹œ ì •ì§€ ë²„íŠ¼,play or pause button,bouton lecture/pause,reproducir o pausa
â—€,ë°˜ëŒ€ë¡œ ë²„íŠ¼,reverse button,bouton retour,retroceso
âª,ë˜ê°ê¸°,fast reverse button,bouton retour rapide,rebobinado
â®,ë§ˆì§€ë§‰ íŠ¸ë™ ë²„íŠ¼,last track button,bouton piste prÃ©cÃ©dente,pista anterior
ğŸ”¼,ìœ„ìª½ ì‚¼ê°í˜•,upwards button,petit triangle haut,triÃ¡ngulo hacia arriba
â«,ìœ„ìª½ í™”ì‚´í‘œ,fast up button,double flÃ¨che vers le haut,triÃ¡ngulo doble hacia arriba
ğŸ”½,ì•„ë˜ìª½ ì‚¼ê°í˜•,downwards button,petit triangle bas,triÃ¡ngulo hacia abajo
â¬,ì•„ë˜ìª½ í™”ì‚´í‘œ,fast down button,double flÃ¨che vers le bas,triÃ¡ngulo doble hacia abajo
â¸,ì¼ì‹œ ì •ì§€ ë²„íŠ¼,pause button,bouton pause,pausa
â¹,ì •ì§€ ë²„íŠ¼,stop button,bouton stop,detener
âº,ë…¹ìŒ ë²„íŠ¼,record button,bouton enregistrer,grabar
â,êº¼ëƒ„ ë²„íŠ¼,eject button,bouton Ã©jecter,expulsar
ğŸ¦,ì˜í™”,cinema,cinÃ©ma,cine
ğŸ”…,ë°ê¸° ë‚®ìŒ,dim button,luminositÃ© faible,brillo bajo
ğŸ”†,ë°ê¸° ë†’ìŒ,bright button,luminositÃ© Ã©levÃ©e,brillo alto
ğŸ“¶,ì•ˆí…Œë‚˜ ì‹ í˜¸,antenna bars,barres de rÃ©seau,barras de cobertura
ğŸ“³,ì§„ë™ ëª¨ë“œ,vibration mode,mode vibreur,modo vibraciÃ³n
ğŸ“´,íœ´ëŒ€ì „í™” ë„ê¸°,mobile phone off,tÃ©lÃ©phone Ã©teint,telÃ©fono mÃ³vil apagado
â™€,ì—¬ì„± ê¸°í˜¸,female sign,symbole de la femme,signo femenino
â™‚,ë‚¨ì„± ê¸°í˜¸,male sign,symbole de lâ€™homme,signo masculino
âš•,ì˜í•™ ê¸°í˜¸,medical symbol,caducÃ©e,sÃ­mbolo de medicina
â™¾,ë¬´í•œ,infinity,infini,infinito
â™»,ì¬í™œìš© í‘œì‹œ,recycling symbol,symbole Recyclage,sÃ­mbolo de reciclaje
âšœ,ë°±í•© ë¬¸ì¥,fleur-de-lis,fleur de lys,flor de lis
ğŸ”±,ì‚¼ì§€ì°½,trident emblem,trident,emblema de tridente
ğŸ“›,ì´ë¦„í‘œ,name badge,badge nominatif,etiqueta identificativa
ğŸ”°,ë…¸ë€ìƒ‰ ì´ˆë¡ìƒ‰ ì´íŒŒë¦¬ ëª¨ì–‘,Japanese symbol for beginner,symbole japonais de dÃ©butant,sÃ­mbolo japonÃ©s para principiante
â­•,í¬ê³  ì§„í•œ ë™ê·¸ë¼ë¯¸,hollow red circle,cercle rouge,cÃ­rculo rojo hueco
âœ…,ì²´í¬ í‘œì‹œ,check mark button,bouton cochÃ©,botÃ³n de marca de verificaciÃ³n
â˜‘,ì²´í¬ë°•ìŠ¤,check box with check,case cochÃ©e,casilla con marca de verificaciÃ³n
âœ”,ì§„í•œ ì²´í¬ í‘œì‹œ,check mark,coche,marca de verificaciÃ³n
âœ–,ê³±í•˜ê¸°,multiply,signe multiplier,multiplicaciÃ³n
âŒ,ì—‘ìŠ¤ í‘œì‹œ,cross mark,croix,marca de cruz
â,ì´ˆë¡ ìƒì ì•ˆ ì—‘ìŠ¤í‘œ,cross mark button,bouton croix,botÃ³n con marca de cruz
â•,ë”í•˜ê¸°,plus,signe plus,mÃ¡s
â–,ë¹¼ê¸°,minus,signe moins,menos
â—,ë‚˜ëˆ„ê¸°,divide,signe diviser,divisiÃ³n
â°,ê³ ë¦¬,curly loop,boucle,bucle
â¿,ë‘ ê°œì˜ ê³ ë¦¬,double curly loop,double boucle,bucle doble
ã€½,ë¶€ë¶„ êµì²´ ê¸°í˜¸,part alternation mark,alternance,marca de alternancia
âœ³,ì—¬ëŸ ê°ˆë˜ ë³„í‘œ,eight-spoked asterisk,astÃ©risque huit branches,asterisco de ocho puntas
âœ´,íŒ”ê° ë³„,eight-pointed star,Ã©toile huit branches,estrella de ocho puntas
â‡,ë°˜ì§ì„,sparkle,Ã©clat,chispa
â€¼,ë‘ ê°œì˜ ëŠë‚Œí‘œ,double exclamation mark,double point dâ€™exclamation,exclamaciÃ³n doble
â‰,ëŠë‚Œí‘œì™€ ë¬¼ìŒí‘œ,exclamation question mark,points dâ€™exclamation et dâ€™interrogation,exclamaciÃ³n e interrogaciÃ³n
â“,ë¬¼ìŒí‘œ,question mark,point dâ€™interrogation,signo de interrogaciÃ³n
â”,í•˜ì–€ìƒ‰ ë¬¼ìŒí‘œ,white question mark,point dâ€™interrogation blanc,interrogaciÃ³n blanca
â•,í•˜ì–€ìƒ‰ ëŠë‚Œí‘œ,white exclamation mark,point dâ€™exclamation blanc,exclamaciÃ³n blanca
â—,ëŠë‚Œí‘œ,exclamation mark,point dâ€™exclamation,signo de exclamaciÃ³n
ã€°,ë¬¼ê²°í‘œ,wavy dash,ligne ondulÃ©e,guion ondulado
Â©,ì €ì‘ê¶Œ,copyright,symbole copyright,copyright
Â®,ë“±ë¡ìƒí‘œ,registered,marque dÃ©posÃ©e,marca registrada
â„¢,ìƒí‘œ,trade mark,marque commerciale dÃ©posÃ©e,sÃ­mbolo de marca comercial
ğŸ” ,ëŒ€ë¬¸ì,input latin uppercase,majuscules,letras latinas mayÃºsculas
ğŸ”¡,ì†Œë¬¸ì,input latin lowercase,minuscules,letras latinas minÃºsculas
ğŸ”¢,ìˆ«ì,input numbers,saisie de chiffres,nÃºmeros
ğŸ”£,ê¸°í˜¸,input symbols,saisie de symboles,sÃ­mbolos
ğŸ”¤,ë¼í‹´ì–´ ì•ŒíŒŒë²³,input latin letters,alphabet latin,alfabeto latino
ğŸ…°,ì—ì´í˜•,A button (blood type),groupe sanguin A,grupo sanguÃ­neo A
ğŸ†,ì—ì´ë¹„í˜•,AB button (blood type),groupe sanguin AB,grupo sanguÃ­neo AB
ğŸ…±,ë¹„í˜•,B button (blood type),groupe sanguin B,grupo sanguÃ­neo B
ğŸ†‘,ì”¨ì—˜,CL button,bouton Effacer,borrar
ğŸ†’,ì¿¨,COOL button,bouton Cool,botÃ³n COOL
ğŸ†“,í”„ë¦¬,FREE button,bouton Gratuit,botÃ³n FREE
â„¹,ì •ë³´ ì¶œì²˜,information,source dâ€™informations,informaciÃ³n
ğŸ†”,ì•„ì´ë””,ID button,bouton Identifiant,sÃ­mbolo de identificaciÃ³n
â“‚,ì›ê¸€ì ì— ,circled M,m encerclÃ©,m en cÃ­rculo
ğŸ†•,ë‰´,NEW button,bouton Nouveau,botÃ³n NEW
ğŸ†–,ì—”ì§€,NG button,bouton Pas bien,botÃ³n NG
ğŸ…¾,ì˜¤í˜•,O button (blood type),groupe sanguin O,grupo sanguÃ­neo tipo O
ğŸ†—,ì˜¤ì¼€ì´,OK button,bouton OK,botÃ³n OK
ğŸ…¿,ì£¼ì°¨ í‘œì‹œ,P button,bouton P,aparcamiento
ğŸ†˜,ì—ìŠ¤ì˜¤ì—ìŠ¤,SOS button,bouton SOS,sÃ­mbolo de socorro
ğŸ†™,ìœ„ë¡œ ë²„íŠ¼,UP! button,bouton Vers le haut,botÃ³n UP!
ğŸ†š,ëŒ€,VS button,bouton VS,botÃ³n VS
ğŸˆ,"ì¼ë³¸ì–´ ""ì—¬ê¸°"" ë²„íŠ¼",Japanese â€œhereâ€ button,bouton ici en japonais,"ideograma japonÃ©s para ""aquÃ­"""
ğŸˆ‚,"ì¼ë³¸ì–´ ""ë´‰ì‚¬ë£Œ"" ë²„íŠ¼",Japanese â€œservice chargeâ€ button,bouton frais de service en japonais,"ideograma japonÃ©s para ""de cortesÃ­a"""
ğŸˆ·,ë‹¬ ì›”,Japanese â€œmonthly amountâ€ button,bouton montant mensuel en japonais,"ideograma japonÃ©s para ""cantidad mensual"""
ğŸˆ¶,ìˆì„ ìœ ,Japanese â€œnot free of chargeâ€ button,bouton pas gratuit en japonais,"ideograma japonÃ©s para ""de pago"""
ğŸˆ¯,ê°€ë¦¬í‚¬ ì§€,Japanese â€œreservedâ€ button,bouton rÃ©servÃ© en japonais,"ideograma japonÃ©s para ""reservado"""
ğŸ‰,ì–»ì„ ë“,Japanese â€œbargainâ€ button,bouton bonne affaire en japonais,"ideograma japonÃ©s para ""ganga"""
ğŸˆ¹,ë‚˜ëˆŒ í• ,Japanese â€œdiscountâ€ button,bouton rÃ©duction en japonais,"ideograma japonÃ©s para ""descuento"""
ğŸˆš,ì—†ì„ ë¬´,Japanese â€œfree of chargeâ€ button,bouton gratuit en japonais,"ideograma japonÃ©s para ""gratis"""
ğŸˆ²,ê¸ˆí•  ê¸ˆ,Japanese â€œprohibitedâ€ button,bouton interdit en japonais,"ideograma japonÃ©s para ""prohibido"""
ğŸ‰‘,ì˜³ì„ ê°€,Japanese â€œacceptableâ€ button,bouton accepter en japonais,"ideograma japonÃ©s para ""aceptable"""
ğŸˆ¸,ê±°ë“­ ì‹ ,Japanese â€œapplicationâ€ button,bouton application en japonais,"ideograma japonÃ©s para ""aplicaciÃ³n"""
ğŸˆ´,í•©í•  í•©,Japanese â€œpassing gradeâ€ button,bouton note pour rÃ©ussir en japonais,"ideograma japonÃ©s para ""aprobado"""
ğŸˆ³,ë¹Œ ê³µ,Japanese â€œvacancyâ€ button,bouton chambres disponibles en japonais,"ideograma japonÃ©s para ""vacante"""
ãŠ—,ì› ì•ˆì˜ ì¶•í•˜ í‘œì˜ë¬¸ì,Japanese â€œcongratulationsâ€ button,bouton fÃ©licitations en japonais,"ideograma japonÃ©s para ""enhorabuena"""
ãŠ™,ì› í‘œì‹œëœ ë¹„ë°€ í‘œì˜ë¬¸ì,Japanese â€œsecretâ€ button,bouton secret en japonais,"ideograma japonÃ©s para ""secreto"""
ğŸˆº,ë²¼ìŠ¬ ê´€,Japanese â€œopen for businessâ€ button,bouton ouvert pour affaires en japonais,"ideograma japonÃ©s para ""abierto"""
ğŸˆµ,ì°° ë§Œ,Japanese â€œno vacancyâ€ button,bouton complet en japonais,"ideograma japonÃ©s para ""completo"""
ğŸ”´,ë¹¨ê°„ ì›,red circle,disque rouge,cÃ­rculo rojo grande
ğŸŸ ,ì˜¤ë Œì§€ìƒ‰ ì›,orange circle,disque orange,cÃ­rculo naranja
ğŸŸ¡,ë…¸ë€ìƒ‰ ì›,yellow circle,disque jaune,cÃ­rculo amarillo
ğŸŸ¢,ë…¹ìƒ‰ ì›,green circle,disque vert,cÃ­rculo verde
ğŸ”µ,íŒŒë€ ì›,blue circle,disque bleu,cÃ­rculo azul grande
ğŸŸ£,ë³´ë¼ìƒ‰ ì›,purple circle,disque violet,cÃ­rculo morado
ğŸŸ¤,ê°ˆìƒ‰ ì›,brown circle,disque marron,cÃ­rculo marrÃ³n
âš«,ê²€ì€ìƒ‰ ì›,black circle,disque noir,cÃ­rculo negro
âšª,í°ìƒ‰ ì›,white circle,disque blanc,cÃ­rculo blanco
ğŸŸ¥,ë¹¨ê°„ìƒ‰ ì‚¬ê°í˜•,red square,carrÃ© rouge,cuadrado rojo
ğŸŸ§,ì˜¤ë Œì§€ìƒ‰ ì‚¬ê°í˜•,orange square,carrÃ© orange,cuadrado naranja
ğŸŸ¨,ë…¸ë€ìƒ‰ ì‚¬ê°í˜•,yellow square,carrÃ© jaune,cuadrado amarillo
ğŸŸ©,ë…¹ìƒ‰ ì‚¬ê°í˜•,green square,carrÃ© vert,cuadrado verde
ğŸŸ¦,íŒŒë€ìƒ‰ ì‚¬ê°í˜•,blue square,carrÃ© bleu,cuadrado azul
ğŸŸª,ë³´ë¼ìƒ‰ ì‚¬ê°í˜•,purple square,carrÃ© violet,cuadrado morado
ğŸŸ«,ê°ˆìƒ‰ ì‚¬ê°í˜•,brown square,carrÃ© marron,cuadrado marrÃ³n
â¬›,í° ê²€ì€ìƒ‰ ì‚¬ê°í˜•,black large square,grand carrÃ© noir,cuadrado negro grande
â¬œ,í° í°ìƒ‰ ì‚¬ê°í˜•,white large square,grand carrÃ© blanc,cuadrado blanco grande
â—¼,ì¤‘ê°„ ê²€ì€ìƒ‰ ì‚¬ê°í˜•,black medium square,carrÃ© moyen noir,cuadrado negro mediano
â—»,ì¤‘ê°„ í°ìƒ‰ ì‚¬ê°í˜•,white medium square,carrÃ© moyen blanc,cuadrado blanco mediano
â—¾,ì¤‘ê° ì‘ì€ ê²€ì€ìƒ‰ ì‚¬ê°í˜•,black medium-small square,carrÃ© petit moyen noir,cuadrado negro mediano-pequeÃ±o
â—½,ì¤‘ê°„ ì‘ì€ í°ìƒ‰ ì‚¬ê°í˜•,white medium-small square,carrÃ© petit moyen blanc,cuadrado blanco mediano-pequeÃ±o
â–ª,ì‘ì€ ê²€ì€ìƒ‰ ì‚¬ê°í˜•,black small square,petit carrÃ© noir,cuadrado negro pequeÃ±o
â–«,ì‘ì€ í°ìƒ‰ ì‚¬ê°í˜•,white small square,petit carrÃ© blanc,cuadrado blanco pequeÃ±o
ğŸ”¶,í° ì£¼í™©ìƒ‰ ë§ˆë¦„ëª¨,large orange diamond,grand losange orange,rombo naranja grande
ğŸ”·,í° íŒŒë€ìƒ‰ ë§ˆë¦„ëª¨,large blue diamond,grand losange bleu,rombo azul grande
ğŸ”¸,ì‘ì€ ì£¼í™©ìƒ‰ ë§ˆë¦„ëª¨,small orange diamond,petit losange orange,rombo naranja pequeÃ±o
ğŸ”¹,ì‘ì€ íŒŒë€ìƒ‰ ë§ˆë¦„ëª¨,small blue diamond,petit losange bleu,rombo azul pequeÃ±o
ğŸ”º,ë¹¨ê°„ìƒ‰ ìœ„ìª½ ì‚¼ê°í˜•,red triangle pointed up,triangle rouge pointant vers le haut,triÃ¡ngulo rojo hacia arriba
ğŸ”»,ë¹¨ê°„ìƒ‰ ì•„ë˜ìª½ ì‚¼ê°í˜•,red triangle pointed down,triangle rouge pointant vers le bas,triÃ¡ngulo rojo hacia abajo
ğŸ’ ,ì ì´ ì°íŒ ë‹¤ì´ì•„ëª¬ë“œ ëª¨ì–‘,diamond with a dot,diamant avec un point,rombo con pÃ©talo
ğŸ”˜,ë¼ë””ì˜¤ ë²„íŠ¼,radio button,bouton radio,botÃ³n de opciÃ³n
ğŸ”³,í…Œë‘ë¦¬ê°€ í•˜ì–€ ì‚¬ê° ë²„íŠ¼,white square button,carrÃ© blanc,botÃ³n cuadrado con borde blanco
ğŸ”²,í…Œë‘ë¦¬ê°€ ê²€ì€ ì‚¬ê° ë²„íŠ¼,black square button,carrÃ© noir,botÃ³n cuadrado con borde negro
ğŸ,ê²©ì ë¬´ëŠ¬ ê¹ƒë°œ,chequered flag,drapeau Ã  damier,bandera de cuadros
ğŸš©,ì„¸ëª¨ ê¹ƒë°œ,triangular flag,drapeau triangulaire,bandera triangular
ğŸŒ,ì—‡ê°ˆë¦° ì¼ë³¸ êµ­ê¸°,crossed flags,drapeaux croisÃ©s,banderas cruzadas
ğŸ´,í„ëŸ­ì´ëŠ” ê²€ì€ìƒ‰ ê¹ƒë°œ,black flag,drapeau noir,bandera negra
ğŸ³,í„ëŸ­ì´ëŠ” í°ìƒ‰ ê¹ƒë°œ,white flag,drapeau blanc,bandera blanca
ğŸ³â€âš§,íŠ¸ëœìŠ¤ì  ë” ê¹ƒë°œ,transgender flag,drapeau transgenre,bandera transgÃ©nero
ğŸ³â€ğŸŒˆ,ë¬´ì§€ê°œ ê¹ƒë°œ,rainbow flag,drapeau arc-en-ciel,bandera del arcoÃ­ris
ğŸ´â€â˜ ,í•´ì  ê¹ƒë°œ,pirate flag,drapeau de pirate,bandera pirata
